turbine_idx,P_rated_kW,Hub_height_m,Diameter_m,Latitude,Longitude,Lifetime_production_kWh,acidification - accumulated exceedance (AE)[mol H+-Eq],climate change - global warming potential (GWP100)[kg CO2-Eq],climate change: biogenic - global warming potential (GWP100)[kg CO2-Eq],climate change: fossil - global warming potential (GWP100)[kg CO2-Eq],climate change: land use and land use change - global warming potential (GWP100)[kg CO2-Eq],ecotoxicity: freshwater - comparative toxic unit for ecosystems (CTUe)[CTUe],"ecotoxicity: freshwater, inorganics - comparative toxic unit for ecosystems (CTUe)[CTUe]","ecotoxicity: freshwater, organics - comparative toxic unit for ecosystems (CTUe)[CTUe]","energy resources: non-renewable - abiotic depletion potential (ADP): fossil fuels[MJ, net calorific value]",eutrophication: freshwater - fraction of nutrients reaching freshwater end compartment (P)[kg P-Eq],eutrophication: marine - fraction of nutrients reaching marine end compartment (N)[kg N-Eq],eutrophication: terrestrial - accumulated exceedance (AE)[mol N-Eq],human toxicity: carcinogenic - comparative toxic unit for human (CTUh)[CTUh],"human toxicity: carcinogenic, inorganics - comparative toxic unit for human (CTUh)[CTUh]","human toxicity: carcinogenic, organics - comparative toxic unit for human (CTUh)[CTUh]",human toxicity: non-carcinogenic - comparative toxic unit for human (CTUh)[CTUh],"human toxicity: non-carcinogenic, inorganics - comparative toxic unit for human (CTUh)[CTUh]","human toxicity: non-carcinogenic, organics - comparative toxic unit for human (CTUh)[CTUh]",ionising radiation: human health - human exposure efficiency relative to u235[kBq U235-Eq],land use - soil quality index[dimensionless],material resources: metals/minerals - abiotic depletion potential (ADP): elements (ultimate reserves)[kg Sb-Eq],ozone depletion - ozone depletion potential (ODP)[kg CFC-11-Eq],particulate matter formation - impact on human health[disease incidence],photochemical oxidant formation: human health - tropospheric ozone concentration increase[kg NMVOC-Eq],water use - user deprivation potential (deprivation-weighted water consumption)[m3 world eq. deprived]
5583,2000,80,90,34.73933,32.63026,84096000.0,0.00012521200741924497,0.0216622359368686,2.8228260164412154e-05,0.021577074781024455,5.693289567973317e-05,0.12234522715578834,0.11353754602707172,0.00880768112871656,0.25969087541077845,7.104930211707969e-06,2.9230061501716676e-05,0.00027476892170744024,1.2616378349292233e-10,1.0002479475544769e-10,2.6138988737474717e-11,5.752911551852046e-10,5.548410560672115e-10,2.045009911799331e-11,0.0010430808721459445,0.8446120046545273,3.6987379136727857e-07,2.8791212737102146e-10,1.7623718840768913e-09,0.00010976712142709647,0.009472945133611741
5584,2000,80,90,34.73071,32.6147,84096000.0,0.00012374647725714701,0.021638650165353608,2.8124877821243192e-05,0.021553635511172908,5.6889776359461606e-05,0.12072091872459419,0.11192222353536237,0.008798695189231733,0.25916687054810855,6.990928850184131e-06,2.915149252940422e-05,0.0002737030902644896,1.2614705213599025e-10,9.977122948624106e-11,2.637582264974928e-11,5.564628594298911e-10,5.369229915623005e-10,1.953986786759078e-11,0.0010406476999923683,0.8441426218689516,3.515837915100006e-07,2.8583959503263773e-10,1.769228953646448e-09,0.00010945279323424665,0.00945335801945521
5585,2000,80,90,34.74889,32.64154,84096000.0,0.00012653279110901925,0.02168338494755533,2.8321417334314258e-05,0.021598091820323743,5.6971709897275825e-05,0.12380860463072467,0.11499285491163118,0.00881574971909343,0.26016151763778683,7.2076852206961135e-06,2.9300809573387295e-05,0.0002757289119476931,1.2617881350186687e-10,1.002533372898539e-10,2.5925476212013054e-11,5.922621625144884e-10,5.709916233506962e-10,2.1270539163792572e-11,0.0010452720482179649,0.8450333967649057,3.8636046566708913e-07,2.8977781873651337e-10,1.7561797245697732e-09,0.00011005001235892926,0.009490592607676264
5586,2000,80,90,34.74234,32.66141,84096000.0,0.00012735136088773356,0.02169713932787668,2.8379239218172276e-05,0.02161176404377948,5.699604487903162e-05,0.12471857915577779,0.11589764887336819,0.008820930282409545,0.2604629043062967,7.271288767821426e-06,2.934502356409451e-05,0.0002763273262385543,1.2618842312945238e-10,1.0039485091957853e-10,2.5793572209873945e-11,6.027660587913997e-10,5.809877060811712e-10,2.177835271022889e-11,0.0010466401771477695,0.845304398389235,3.9655938432596844e-07,2.909470261366554e-10,1.7524165371368977e-09,0.00011022770132038733,0.009501560425022522
5587,2000,80,90,34.74702,32.65105,84096000.0,0.00012695980699239012,0.021690491966825376,2.8351571623887805e-05,0.021605156020107957,5.698437509352912e-05,0.12428298381082449,0.11546455053617903,0.008818433274645408,0.26031771823039135,7.240873123650191e-06,2.9323835645601243e-05,0.00027604071818214447,1.2618379546005495e-10,1.0032717290031612e-10,2.5856622559738913e-11,5.97743115487282e-10,5.762076000557681e-10,2.1535515431514302e-11,0.0010459846820575793,0.8451737321165809,3.9168282967929254e-07,2.9038638816355395e-10,1.7542087786156363e-09,0.00011014245690455085,0.009496310868175175
5588,2000,80,90,34.74836,32.64402,84096000.0,0.00012663398897217097,0.021685075963362194,2.8328564457468742e-05,0.02159977268459304,5.6974714311682544e-05,0.1239210585919184,0.1151046710280553,0.008816387563863052,0.26019863634365265,7.21554954058079e-06,2.9306270308765145e-05,0.00027580284235110907,1.261799972348358e-10,1.002708341495317e-10,2.590916308530415e-11,5.935609390714225e-10,5.722276104724665e-10,2.133332859895618e-11,0.0010454410396194649,0.8450667570294227,3.8762160843425895e-07,2.899221772171948e-10,1.7557134079938645e-09,0.00011007194526000097,0.00949194808830484
5589,2000,80,90,34.73311,32.61863,84096000.0,0.00012412898565442742,0.021644798706275017,2.8151859971828275e-05,0.021559745818860637,5.6901027442551394e-05,0.12114483401058869,0.11234379552585422,0.008801038484734408,0.2593035262732118,7.020684514199883e-06,2.9171995087117692e-05,0.0002739812363284731,1.2615141569614543e-10,9.98374123604895e-11,2.6314003335655997e-11,5.613772706227807e-10,5.415998216694351e-10,1.9777448953345888e-11,0.0010412826500710006,0.8442650194580431,3.5635776079884775e-07,2.863803847345987e-10,1.7674383802845283e-09,0.00010953480683517521,0.009458469972129662
5590,2000,80,90,34.74602,32.64433,84096000.0,0.0001264885272350293,0.021682817151474378,2.8318314223645268e-05,0.021597528367260668,5.697046999006474e-05,0.12376022228571079,0.1149447037612239,0.008815518524486839,0.26014785848878474,7.204224134450969e-06,2.9298518555552362e-05,0.00027569749116211937,1.2617837398655372e-10,1.0024565016837166e-10,2.593272381818214e-11,5.916903426018953e-10,5.704474435599867e-10,2.124289904190895e-11,0.001045200820406503,0.8450214182712383,3.85803830029353e-07,2.897181092953334e-10,1.756403469640841e-09,0.00011004104686089995,0.009490007850413484
5591,2000,80,90,34.73502,32.6536,84096000.0,0.0001264246584811139,0.021682323528731014,2.831388036884356e-05,0.02159704082679851,5.69688215636606e-05,0.12369193628167681,0.11487666077403089,0.008815275507645881,0.2601330320418668,7.199189855257096e-06,2.9295397591291104e-05,0.0002756538902151596,1.2617788808428776e-10,1.0023449390673635e-10,2.5943394177551502e-11,5.908581788341604e-10,5.696554956214172e-10,2.120268321274356e-11,0.001045103140524454,0.8450090864325115,3.849911564562076e-07,2.8963845913200946e-10,1.756763793096647e-09,0.00011002930038013105,0.009489179502926635
5592,2000,80,90,34.73684,32.65954,84096000.0,0.00012693369513648142,0.021690565776099863,2.8349795849095412e-05,0.021605232160056116,5.69838201946532e-05,0.12425635699370827,0.11543794641369737,0.008818410580010868,0.2603157889414067,7.238780866078262e-06,2.9322716060676294e-05,0.0002760243621454632,1.2618372230182785e-10,1.0032255727568616e-10,2.5861165026141785e-11,5.973969050663447e-10,5.758781136987268e-10,2.151879136761828e-11,0.00104594905949559,0.8451728815987923,3.9134253993758655e-07,2.9035932995591363e-10,1.754387812930747e-09,0.00011013866161256643,0.009495985247179399
5593,2000,80,90,34.74084,32.6615,84096000.0,0.0001272765610887438,0.02169598702898795,2.8373969548046558e-05,0.021610619193101175,5.699386633873131e-05,0.12463591665038255,0.11581543067972343,0.008820485970659073,0.2604369316071085,7.265463840070057e-06,2.9341042672207374e-05,0.0002762732014524883,1.2618759262225138e-10,1.0038189890496663e-10,2.5805693717284858e-11,6.018039539482558e-10,5.800721116746527e-10,2.173184227360342e-11,0.0010465167953462463,0.8452812245726435,3.9562437115185376e-07,2.908422741437555e-10,1.7527724456457261e-09,0.0001102118463893329,0.009500563146512734
5594,2000,80,90,34.73151,32.6557,84096000.0,0.00012640460020066143,0.021682157175702967,2.8312486377512273e-05,0.021596876390350465,5.6968298974988966e-05,0.1236704376819055,0.11485524164567924,0.008815196036226198,0.2601282058817894,7.1976102163851985e-06,2.929441101045709e-05,0.0002756401367305529,1.2617773032628446e-10,1.0023099247242402e-10,2.5946737853860517e-11,5.905970801899601e-10,5.694070153398885e-10,2.119006485007194e-11,0.00104507228644928,0.8450050412954967,3.847362629595215e-07,2.896132183333738e-10,1.7568756505661084e-09,0.00011002556994954155,0.009488918820668008
5595,2000,80,90,34.72345,32.65313,84096000.0,0.0001258870624908922,0.021674051247297967,2.8276007822452933e-05,0.021588822071289454,5.6953168186063934e-05,0.1230978742127444,0.11428578940587103,0.008812084806873314,0.25994650440204,7.157324166727975e-06,2.926679175507774e-05,0.00027526493860699155,1.261719234190827e-10,1.0014140420627283e-10,2.603051921280996e-11,5.839431995598904e-10,5.630748026442226e-10,2.086839691566801e-11,0.0010442165270320568,0.8448426767471993,3.7827081842211523e-07,2.88885781398713e-10,1.7593228410447803e-09,0.00010991538340700098,0.00948201237778712
5596,2000,80,90,34.73907,32.66006,84096000.0,0.00012708381217125912,0.02169291709006989,2.8360376836495618e-05,0.021607568504154257,5.698820907914466e-05,0.12442243530941778,0.11560312225600013,0.00881931305341758,0.2603684949029159,7.250466227972371e-06,2.933072736545766e-05,0.0002761331927209936,1.2618540670286817e-10,1.0034854323494523e-10,2.583686346792302e-11,5.993269279419439e-10,5.777148336545436e-10,2.1612094287400634e-11,0.0010461972828336242,0.8452199787112186,3.9321790422343696e-07,2.9057033252907725e-10,1.7536779930286892e-09,0.00011017062272436357,0.009497988535716258
5597,2000,80,90,34.72806,32.60992,84096000.0,0.00012331016728869677,0.021631628910460606,2.809409944861253e-05,0.02154665787166142,5.6876939350575164e-05,0.12023734082613492,0.11144132072313498,0.008796020102999872,0.25901087522225247,6.956988890203719e-06,2.9128101713920164e-05,0.0002733857795859069,1.2614207122695363e-10,9.969573924730856e-11,2.6446331979645152e-11,5.508573852201801e-10,5.315885072275004e-10,1.9268877992679814e-11,0.0010399233177519301,0.844002888465355,3.461385716466812e-07,2.8522258309035007e-10,1.7712704709740336e-09,0.0001093592152003321,0.009447526673677415
5598,2000,80,90,34.7506,32.64065,84096000.0,0.00012661066874161843,0.021684566443828025,2.8326901396931814e-05,0.021599265572219493,5.6973970211602266e-05,0.12389458317534072,0.11507837592889303,0.00881620724644763,0.26018828592950877,7.213752081678437e-06,2.9304943933763743e-05,0.00027578516670689234,1.2617966988785432e-10,1.0026682585391737e-10,2.591284403393703e-11,5.932642517048336e-10,5.719452696470156e-10,2.131898205781826e-11,0.0010454002218539334,0.8450572471146915,3.8733448376695104e-07,2.898865171307225e-10,1.7558070746859982e-09,0.00011006645311926729,0.009491630060121067
5599,2000,80,90,34.74203,32.63482,84096000.0,0.00012566123047864838,0.021669460202995112,2.8259948815889384e-05,0.021584254143633793,5.6946110545432305e-05,0.12284309465391993,0.11403266059923371,0.008810434054686159,0.25985141576881815,7.139875255566023e-06,2.925414187689909e-05,0.0002750955980127131,1.2616890963627438e-10,1.001025201621044e-10,2.6066389474170038e-11,5.810626339437382e-10,5.603335197882406e-10,2.072911415549781e-11,0.0010438266183449751,0.8447558007766403,3.754803084608742e-07,2.8854730478620224e-10,1.7602693943431715e-09,0.00010986345150437179,0.00947894883810081
5600,2000,80,90,34.74308,32.63653,84096000.0,0.00012583278426498424,0.021672217910357484,2.8272050237953032e-05,0.021586994703453505,5.695115666603182e-05,0.12303321979567605,0.11422173475086199,0.00881148504481402,0.25991270701929564,7.153220562041269e-06,2.9263337268554167e-05,0.00027522034619611936,1.2617086672747884e-10,1.0013220294733263e-10,2.603866378014629e-11,5.832667292470489e-10,5.624310608476032e-10,2.083566839944592e-11,0.0010441113930805405,0.8448106973217185,3.77621415230362e-07,2.8878984935673307e-10,1.7594663402076982e-09,0.00010990023472994218,0.009481241537478303
5601,2000,80,90,34.74628,32.65468,84096000.0,0.000127139291521535,0.021693471602604902,2.836424514089912e-05,0.021608117662184484,5.698969527952145e-05,0.12448234058632765,0.11566278146768809,0.00881955911863951,0.2603832588612394,7.254823697370374e-06,2.9333509713857075e-05,0.00027617173690517086,1.2618588602734465e-10,1.0035820919912724e-10,2.582767682821749e-11,6.000470505761338e-10,5.784001517737572e-10,2.1646898802376865e-11,0.0010462840993180251,0.8452326025991395,3.939201627172321e-07,2.9064203184503255e-10,1.7533794695540761e-09,0.00011018128566411737,0.00949871402385708
5602,2000,80,90,34.72153,32.65308,84096000.0,0.0001258188611262224,0.021673017775833883,2.827120531676288e-05,0.021587795381273367,5.695118924375332e-05,0.12302258420603598,0.11421089973838146,0.008811684467654467,0.25992308041687523,7.152010959741281e-06,2.9263171782136344e-05,0.00027521568000953256,1.2617117399620844e-10,1.0012959134918178e-10,2.604158264702672e-11,5.830655929763229e-10,5.622396211968091e-10,2.0825971779513976e-11,0.001044104298080802,0.8448218084123027,3.7741778601047003e-07,2.887906131974672e-10,1.759649330220863e-09,0.00010990098987881026,0.009481103886349545
5603,2000,80,90,34.74394,32.64343,84096000.0,0.00012629341929398463,0.02167972886452076,2.8304557729978285e-05,0.021594459554995768,5.696475179501569e-05,0.12354421822532455,0.11472988162624341,0.008814336599081074,0.26007887242580596,7.1890405931130225e-06,2.928808790874296e-05,0.0002755558713907412,1.261761700673893e-10,1.0021188245931135e-10,2.5964287608078013e-11,5.891825827394223e-10,5.68060916956291e-10,2.112166578313143e-11,0.001044877698227341,0.8449597151658483,3.8336734998519513e-07,2.894432234491014e-10,1.7573223124144158e-09,0.00010999938891067114,0.009487402638719365
5604,2000,80,90,34.70948,32.63042,84096000.0,0.0001237278039758894,0.02163934871747676,2.812369447937431e-05,0.021554335364559894,5.688965843749367e-05,0.12070490188350412,0.11190604331317891,0.008798858570325118,0.25917517270688606,6.989352814575115e-06,2.915105827345847e-05,0.0002736948368709114,1.261472938521882e-10,9.97678009415598e-11,2.6379492910628474e-11,5.562012366082571e-10,5.366739901673513e-10,1.9527246440905916e-11,0.001040632329416608,0.8441518334517315,3.513216052214966e-07,2.8583314457464557e-10,1.7694313072704084e-09,0.00010945243870967663,0.009453155705470236
5605,2000,80,90,34.71108,32.63052,84096000.0,0.00012376496720145174,0.02163989365238557,2.8126308945268763e-05,0.021554876614532342,5.689072890795982e-05,0.12074584245623107,0.11194677080363902,0.00879907165259198,0.25918766354841366,6.9922502548348765e-06,2.9153020481947285e-05,0.0002737215810122349,1.2614769392538621e-10,9.977424142285903e-11,2.6373452502527274e-11,5.566798441558745e-10,5.37129461415676e-10,1.9550382740198717e-11,0.0010406931985723312,0.8441629278179872,3.517869574655861e-07,2.85884638428959e-10,1.7692513062872642e-09,0.00010946021527534217,0.009453649885187654
5606,2000,80,90,34.71212,32.6172,84096000.0,0.0001227467463505976,0.0216232199370522,2.805444253119654e-05,0.021538304847912894,5.686064660810805e-05,0.11961596234317262,0.11082321370829774,0.008792748634874814,0.2588192956617111,6.913079847448781e-06,2.909826962278562e-05,0.0002729795335866481,1.2613593873054776e-10,9.959812613197071e-11,2.6537812598577127e-11,5.436045580816298e-10,5.246862918594225e-10,1.8918266222207462e-11,0.0010389981921753225,0.8438324489778459,3.390877991889596e-07,2.8443895578045023e-10,1.773982452863312e-09,0.00010924077844492963,0.00944002758656483
5607,2000,80,90,34.71289,32.63019,84096000.0,0.000123780830021593,0.021640080726311083,2.812741880608248e-05,0.02155506214133812,5.689116616687997e-05,0.12076310436294621,0.11196395442057819,0.00879914994236795,0.2591923125866958,6.993492630028205e-06,2.9153832204023975e-05,0.0002737327537805336,1.261478439638328e-10,9.977699949904327e-11,2.6370844464789595e-11,5.568851236160442e-10,5.373248186914192e-10,1.9560304924625283e-11,0.0010407184677332837,0.8441669710554841,3.5198691723407904e-07,2.8590570873302924e-10,1.7691692346293137e-09,0.00010946336828662348,0.009453858668247814
5608,2000,80,90,34.71338,32.61849,84096000.0,0.00012289035567885303,0.021625512739773894,2.8064570643666978e-05,0.02154058330514689,5.686486398333869e-05,0.1197750443919654,0.11098142033002693,0.008793624061938394,0.25887036776198646,6.924253272496317e-06,2.9105958265703638e-05,0.000273083877777368,1.261375698815723e-10,9.962297698457151e-11,2.6514592897000862e-11,5.454499688285609e-10,5.264424889358955e-10,1.9007479892665525e-11,0.0010392363341897714,0.8438781646541963,3.408805982695131e-07,2.846416785486998e-10,1.7733084015157974e-09,0.00010927151266853317,0.009441946084638773
5609,2000,80,90,34.71556,32.63527,84096000.0,0.0001242531411245016,0.021647686763883203,2.816073751597105e-05,0.021562620961625267,5.690506474197051e-05,0.12128660908127578,0.11248456181100772,0.008802047270268,0.25936126107068436,7.030232397119682e-06,2.9179156146252093e-05,0.000274076275639354,1.2615323833815662e-10,9.985871756860207e-11,2.629452076955464e-11,5.62953002652437e-10,5.430993533066878e-10,1.985364934574944e-11,0.0010415027058546494,0.8443183169634795,3.5788127848577673e-07,2.865737406859946e-10,1.7669598921444606e-09,0.00010956468757729352,0.009460171431696564
5610,2000,80,90,34.71677,32.61614,84096000.0,0.0001228723217326957,0.021625064909314044,2.8063277356644893e-05,0.021540137366639775,5.6864265317625864e-05,0.11975431844534055,0.11096084879245875,0.008793469652881745,0.25886155684487877,6.922869915832664e-06,2.9104902026397594e-05,0.0002730699219744619,1.261372922374337e-10,9.961988794705362e-11,2.6517404290380187e-11,5.452217050390943e-10,5.262252644505405e-10,1.8996440588553804e-11,0.0010392039271494668,0.8438699922138292,3.406601292457132e-07,2.846130270903592e-10,1.7733746426411786e-09,0.00010926706888159599,0.009441697602501551
5611,2000,80,90,34.71863,32.62824,84096000.0,0.0001238291538165325,0.021640627282245407,2.8130796708759244e-05,0.021555603997402854,5.689248813379196e-05,0.12081558096203368,0.11201619901219773,0.008799381949835877,0.2592061253140617,6.9972802311451085e-06,2.9156291757185553e-05,0.0002737666655713386,1.261482904080877e-10,9.978540619880073e-11,2.6362884209287058e-11,5.575109852478617e-10,5.379204299085589e-10,1.959055533930293e-11,0.0010407950814331594,0.84417893331205,3.525967465716379e-07,2.859694301917909e-10,1.7689165292100741e-09,0.00010947288820646087,0.009454493591817176
5612,2000,80,90,34.72319,32.625,84096000.0,0.00012382613687842654,0.021640366141169494,2.8130555389845615e-05,0.021555343278225517,5.689230755413162e-05,0.12081124143001809,0.11201193710650859,0.008799304323509437,0.25920185933166756,6.997071820509855e-06,2.9156009399843385e-05,0.00027376333793572265,1.2614815916897659e-10,9.978492627791709e-11,2.6363232891059575e-11,5.574768468467336e-10,5.378879475075583e-10,1.9588899339175498e-11,0.0010407867462472011,0.8441747343560921,3.52565295644953e-07,2.859609171319637e-10,1.7689061785195667e-09,0.00010947146435320833,0.009454443213983595
5613,2000,80,90,34.72431,32.61874,84096000.0,0.0001234927754659177,0.02163484891842358,2.810701879798024e-05,0.021549859466081286,5.688243354430871e-05,0.12044105008198261,0.11164383210856663,0.00879721797341592,0.2590803828596547,6.971158954304118e-06,2.913805110239327e-05,0.0002735200836544474,1.2614428401311095e-10,9.972727837963196e-11,2.641700563347906e-11,5.531973184939777e-10,5.338153118157842e-10,1.9382006678193487e-11,0.0010402308955330644,0.844065650146722,3.4840934325328554e-07,2.8548644156455875e-10,1.7704484253801591e-09,0.00010939940853742356,0.009449980569747145
5614,2000,80,90,34.71059,32.63998,84096000.0,0.00012451579135231924,0.02165217311356366,2.8179300315515724e-05,0.021567080908716223,5.6912904531921986e-05,0.12157893004680655,0.11277520019752048,0.008803729849286008,0.25945906071071134,7.050631508306617e-06,2.9193384307579236e-05,0.000274268675240529,1.2615635499218982e-10,9.990410985477048e-11,2.6252245137419425e-11,5.663217450995939e-10,5.463052311067561e-10,2.0016513992838134e-11,0.0010419428333002553,0.8444063827199353,3.611516216291449e-07,2.8695035746060466e-10,1.7657608254407143e-09,0.00010962196864087735,0.009463694073778041
5615,2000,80,90,34.72636,32.6456,84096000.0,0.0001254385523218339,0.021666593668434635,2.8244336647939285e-05,0.021581409463211847,5.6939868574850374e-05,0.12259965029467049,0.11379038212600642,0.008809268168664024,0.2597825489325161,7.122464829109806e-06,2.9242610715185585e-05,0.00027493747556502047,1.261666939579032e-10,1.0006385058333126e-10,2.610284337457205e-11,5.781862010776168e-10,5.575961256395047e-10,2.0590075438112083e-11,0.0010434681343672926,0.8446953866457857,3.7268033830171306e-07,2.8824672241642993e-10,1.7613938228944862e-09,0.00010981831180322308,0.009476006622346255
5616,2000,80,90,34.89127,33.12303,84096000.0,0.00014080184774172152,0.02229312243221945,2.9447808680338386e-05,0.02220599139622695,5.768322731216695e-05,0.14075157045017717,0.1316341319236179,0.009117438526559229,0.2735138094136974,8.190192666077948e-06,3.0815406933317754e-05,0.0002936864609610931,1.2662036582853811e-10,1.0242039440613832e-10,2.419997142239988e-11,7.452363185637292e-10,7.164230690754378e-10,2.881324948829218e-11,0.0010829173410053024,0.9619298371177492,5.327667425635671e-07,3.1699089867803214e-10,1.7873420197719292e-09,0.00011717882266792933,0.009731728374475099
5617,2000,80,90,34.89165,33.11994,84096000.0,0.0001409218099815425,0.02229499212304957,2.9456262962451324e-05,0.02220784912952628,5.768673056084107e-05,0.1408842441736036,0.13176608704551165,0.009118157128091898,0.2735557885844607,8.199531877756399e-06,3.082180368747101e-05,0.0002937733805686032,1.2662170763952798e-10,1.0244116227048649e-10,2.4180545369041537e-11,7.467788498638281e-10,7.178910301713879e-10,2.8887819692440695e-11,0.001083115556871096,0.9619673321308994,5.342656639397302e-07,3.1715933023908563e-10,1.786773714501099e-09,0.00011720432959362237,0.009733328811929648
5618,2000,80,90,34.89262,33.12506,84096000.0,0.00014087483607185536,0.022294286538798648,2.9452956055280596e-05,0.022207148212497967,5.7685370245402134e-05,0.1408324170845233,0.13171453396065297,0.009117883123870267,0.273539748532232,8.195871620315985e-06,3.0819313949920474e-05,0.00029373948672952344,1.26621194305379e-10,1.0243302489574089e-10,2.4188169409638204e-11,7.461742602276166e-10,7.17315667359552e-10,2.8858592868065283e-11,0.0010830383561807615,0.9619530536204521,5.336779536154953e-07,3.170939071325808e-10,1.7869993011251657e-09,0.00011719443874140649,0.009732703379864158
5619,2000,80,90,34.85821,33.51939,84096000.0,0.0001265191089028711,0.021718460203860104,2.8329659534997372e-05,0.021633135703867427,5.6994840457682294e-05,0.12391635691421227,0.11508382301142342,0.008832533902788792,0.2608516594021856,7.197027295776347e-06,2.9354808998893812e-05,0.0002762681320373963,1.2620159095782763e-10,1.0022925963925755e-10,2.5972331318570163e-11,5.898836537185404e-10,5.687182423895676e-10,2.1165411328972987e-11,0.0010463220816378817,0.8524912491074749,3.8382207239240655e-07,2.904272035467044e-10,1.7638276297846986e-09,0.00011035021405209003,0.009494188381016861
5620,2000,80,90,34.86069,33.51738,84096000.0,0.00012642058588065603,0.021716751736344398,2.8322692992482393e-05,0.021631437154737778,5.6991888614138216e-05,0.1238065842179335,0.11497468858611165,0.00883189563182178,0.2608145900375616,7.189378524493397e-06,2.934945733957216e-05,0.00027619582437228,1.2620041021549425e-10,1.0021223755125387e-10,2.5988172664240485e-11,5.886205572136568e-10,5.6751621201023e-10,2.110434520342708e-11,0.0010461565845753344,0.8524578255641155,3.8259607665635144e-07,2.9028541927412973e-10,1.7642744681444294e-09,0.00011032863379197685,0.009492865788427143
5621,2000,80,90,34.86338,33.51564,84096000.0,0.00012630572013823166,0.02171477704706085,2.8314573161682382e-05,0.02162947401935476,5.6988454544404635e-05,0.12367868317817743,0.11484752691522707,0.008831156262950295,0.260771629196657,7.1804588742388665e-06,2.9343227706119714e-05,0.0002761116140879797,1.2619904143467687e-10,1.0019238848894581e-10,2.6006652945731132e-11,5.871475684834828e-10,5.661144364768854e-10,2.103313200659755e-11,0.0010459639040420554,0.8524191189721502,3.8116621527780785e-07,2.9012045928717396e-10,1.7647974033380753e-09,0.00011030353661177005,0.00949132462028587
5622,2000,80,90,34.86519,33.51298,84096000.0,0.00012632002129787034,0.021714900115465324,2.8315567648199332e-05,0.021629595718750193,5.698882906693041e-05,0.12369403215646957,0.11486281799093305,0.008831214165536479,0.2607751370509774,7.1815845742733224e-06,2.9343933650437246e-05,0.0002761214438433362,1.261991559446678e-10,1.0019488405981335e-10,2.600427188485454e-11,5.873336296839339e-10,5.662915056041969e-10,2.1042124079737194e-11,0.001045985972205499,0.8524220709256627,3.813478191815524e-07,2.9013854461055005e-10,1.7647181646880308e-09,0.00011030621263911469,0.00949151069267186
5623,2000,80,90,34.87078,33.51455,84096000.0,0.0001258404445691344,0.021707000010295643,2.828171265776135e-05,0.021621743657421325,5.697464021656106e-05,0.12316164495336986,0.11433342193300589,0.00882822302036393,0.26060093495288467,7.144301516482113e-06,2.931811968669548e-05,0.0002757716934414434,1.2619359796713444e-10,1.0011194394844916e-10,2.6081654018685374e-11,5.811762568611255e-10,5.604318083547551e-10,2.0744448506370554e-11,0.0010451868996180394,0.8522657043575772,3.7536794881396216e-07,2.8945669930535397e-10,1.7669411156584548e-09,0.00011020268776623037,0.009485092443680666
15157,1500,85,80,34.88522,33.52935,63072000.0,0.00012978385153068002,0.02321574379157947,2.936949436297988e-05,0.023128427653808323,5.794664340816185e-05,0.1272868642991231,0.11784509044405281,0.009441773855070138,0.27636017068721125,7.299517679752934e-06,3.1121684003811526e-05,0.00029335177155994144,1.3472725858425777e-10,1.0581306321278694e-10,2.89141953714709e-11,5.555220022767825e-10,5.365342923265127e-10,1.898770995026983e-11,0.0010993618022930622,0.8621025995378494,3.374021881729094e-07,3.1082135330265e-10,1.877455602695537e-09,0.00011702733329100383,0.009850174598932476
15158,1500,85,80,34.95475,33.49338,63072000.0,0.00013348942704155032,0.023222505372051668,2.961471764668127e-05,0.023134874654196173,5.80160002088129e-05,0.13123236000217386,0.12179689094949263,0.009435469052681122,0.2765555530660228,7.604927517911126e-06,3.121986247804737e-05,0.00029503172781685964,1.3473155170600486e-10,1.0649456800990639e-10,2.8236983696098604e-11,6.071936091596038e-10,5.857274205506635e-10,2.146618860894065e-11,0.0011036297313197388,0.84513670351311,3.879079308404474e-07,3.1507926534643363e-10,1.8468803952329964e-09,0.00011727521017882034,0.009892916221092262
15159,1500,85,80,34.88169,33.52563,63072000.0,0.00013024014275890905,0.02322316683224597,2.940169301832667e-05,0.02313580503627176,5.79601029558808e-05,0.1277929639757691,0.11834837020859107,0.00944459376717792,0.2765245129986621,7.335002038394501e-06,3.114619155130918e-05,0.00029368404164567823,1.3473250413433683e-10,1.0589199472570451e-10,2.884050940863241e-11,5.613824405264649e-10,5.421114126516128e-10,1.9271027874852272e-11,0.0011001206138402553,0.862249952338753,3.430944369499625e-07,3.1146822477772893e-10,1.875329826833757e-09,0.00011712549001790315,0.009856276792666279
15160,1500,85,80,34.88622,33.53294,63072000.0,0.00012949510855142428,0.023211115622590057,2.934912819127742e-05,0.02312382833837787,5.793815602091185e-05,0.12696692627311562,0.11752691763380498,0.009440008639310507,0.2762572111175773,7.277054483324814e-06,3.110621476650636e-05,0.00029314187844471456,1.347239706694442e-10,1.0576310133826122e-10,2.8960869331183074e-11,5.518119891473778e-10,5.330036348112102e-10,1.880835433616801e-11,0.001098882705348362,0.8620104057770341,3.3379809222589993e-07,3.1041339189958633e-10,1.8788087622934582e-09,0.00011696547201972997,0.009846316376963656
15161,1500,85,80,34.86213,33.52436,63072000.0,0.00013176100687608208,0.02324840639465698,2.95090810752443e-05,0.02316089213360564,5.8005179976094484e-05,0.12948217637976245,0.12002804510140347,0.00945413127835889,0.2770797461023744,7.453213416935579e-06,3.122816010051048e-05,0.0002947941853626861,1.3475021474804836e-10,1.0615498280750574e-10,2.8595231940542724e-11,5.809050425664e-10,5.606901978623312e-10,2.021484470406913e-11,0.0011026575976169288,0.8627486640705196,3.6205274829229885e-07,3.136342562315671e-10,1.8683016990934237e-09,0.00011745447519227922,0.00987663956057767
15162,1500,85,80,34.86723,33.52093,63072000.0,0.00013152778202777093,0.02324439032373083,2.9492593578999983e-05,0.023156899525620556,5.7998204531274434e-05,0.12922245341305638,0.11976982520452303,0.009452628208533232,0.27699241836434946,7.435103667080954e-06,3.1215507608782487e-05,0.000294623168353852,1.3474743253629548e-10,1.061146823350805e-10,2.863275020121509e-11,5.77914412002857e-10,5.578441526697028e-10,2.007025933315446e-11,0.0011022662727927805,0.8626699727950927,3.591497333528692e-07,3.1329918682209095e-10,1.869362709441679e-09,0.00011740349331094381,0.009873510039454974
15163,1500,85,80,34.86824,33.51823,63072000.0,0.00013159893659764546,0.02324545024792248,2.9497601586518074e-05,0.02315795238507434,5.800026126161762e-05,0.12930091786706532,0.11984787707339299,0.009453040793672225,0.27701658230224074,7.440649203964109e-06,3.12192739494791e-05,0.00029467446234638235,1.3474820607867437e-10,1.0612701032470477e-10,2.8621195753969702e-11,5.788304178426993e-10,5.587158775648353e-10,2.0114540277864126e-11,0.0011023830751003241,0.8626914665105586,3.6004023686549773e-07,3.1339811041643186e-10,1.8690199769715964e-09,0.0001174184432380282,0.009874457004190335
15164,1500,85,80,34.86825,33.52849,63072000.0,0.00013106989310603752,0.02323710639203896,2.9460304311613244e-05,0.02314966131856688,5.798476916046801e-05,0.1287153549503995,0.11926551060767739,0.009449844342722022,0.27682997592098757,7.399474656975627e-06,3.119100792149657e-05,0.0002942906151485072,1.347422437931445e-10,1.0603544177406422e-10,2.8706802019080374e-11,5.720298643912784e-10,5.522440841632423e-10,1.9785780228036237e-11,0.0011015073875396894,0.8625246146237711,3.534327375721934e-07,3.126533483136172e-10,1.8715149300508655e-09,0.00011730559615496189,0.009867394288629799
15165,1500,85,80,34.87002,33.52329,63072000.0,0.00013119225186463104,0.023238917592454056,2.9468914640191906e-05,0.023151460376812403,5.79883010014599e-05,0.12885023022257205,0.11939967957950424,0.009450550643067681,0.27687135679153163,7.40901228516185e-06,3.11974780878043e-05,0.0002943787601446321,1.3474356877090605e-10,1.0605664348955705e-10,2.8686925281349112e-11,5.736052947959351e-10,5.537433564622297e-10,1.9861938333705766e-11,0.0011017080636252137,0.8625614012792291,3.549643988660262e-07,3.12823230188292e-10,1.870924241182969e-09,0.00011733126244138475,0.009869022164949991
15166,1500,85,80,34.87217,33.5206,63072000.0,0.00013118337496899015,0.023238644129636048,2.9468270934343106e-05,0.02315118787528441,5.798798341728838e-05,0.1288397798690436,0.11938931997952054,0.009450459889522938,0.2768662247652999,7.408337905128788e-06,3.119692808709995e-05,0.0002943716079087535,1.3474340796142122e-10,1.0605513345782999e-10,2.868827450359132e-11,5.734940886736101e-10,5.536375299185401e-10,1.9856558755070167e-11,0.0011016912821489291,0.8625565722032262,3.5485742351877106e-07,3.128080677830131e-10,1.870950744462058e-09,0.00011732888131161686,0.009868897345704748
15167,1500,85,80,34.87257,33.5251,63072000.0,0.0001309044722301523,0.02323421387470461,2.9448604220265696e-05,0.023146785467850907,5.797980263343096e-05,0.12853093343319577,0.11908216742395222,0.009448766009243423,0.27676737654266487,7.386635278485796e-06,3.118200883634673e-05,0.000294169082145862,1.3474025039589194e-10,1.0600686631050973e-10,2.8733384085382306e-11,5.699096375876111e-10,5.502263632555251e-10,1.9683274332086284e-11,0.0011012291414321065,0.8624681314811397,3.5137498144002014e-07,3.1241481231113445e-10,1.8722624141715567e-09,0.00011726927509042226,0.009865172511308851
15168,1500,85,80,34.87257,33.53008,63072000.0,0.0001306472183926026,0.02323015661388475,2.9430467971795437e-05,0.02314275387648472,5.7972269428234524e-05,0.12824619652771882,0.11879898482034708,0.009447211707371603,0.2766766375280582,7.36661364879155e-06,3.1168264159247526e-05,0.00029398243199037986,1.347373511804948e-10,1.059623399800994e-10,2.8775011200395495e-11,5.666027848083545e-10,5.470793740939786e-10,1.952341071437634e-11,0.0011008033283328097,0.8623869983386161,3.4816200329295717e-07,3.1205266348543995e-10,1.8734756201565902e-09,0.00011721440197125593,0.009861738181820704
15169,1500,85,80,34.8755,33.53161,63072000.0,0.00013034089076779216,0.023225134360644457,2.9408846443036993e-05,0.0231377622975172,5.796321668422076e-05,0.12790624840569276,0.11846094063072934,0.009445307774963276,0.2765657250817626,7.342796297565733e-06,3.115178916153668e-05,0.0002937591578533842,1.3473381193051656e-10,1.0590935760106166e-10,2.8824454329455006e-11,5.626692690378009e-10,5.433360218399128e-10,1.9333247197888234e-11,0.0011002932981114518,0.8622874833697206,3.443416888721174e-07,3.116176151868958e-10,1.874898272084129e-09,0.0001171483632426979,0.009857639682981747
15170,1500,85,80,34.87466,33.52787,63072000.0,0.00013059967901462877,0.023229270730441468,2.9427098226755605e-05,0.023141872813678254,5.7970818536456845e-05,0.12819294083286253,0.11874605421315605,0.009446886619706356,0.2766578285540582,7.3629305618434395e-06,3.116564697347642e-05,0.0002939472140730301,1.3473675343989736e-10,1.0595413864623996e-10,2.87826147936575e-11,5.659946520961031e-10,5.465006440179206e-10,1.9494008078182836e-11,0.0011007225101431826,0.8623699354061357,3.4757222944903167e-07,3.119830209153329e-10,1.873684149325626e-09,0.00011720376429028037,0.00986109709409639
15171,1500,85,80,34.8745,33.52378,63072000.0,0.0001308368712484897,0.023233026810492812,2.9443822183713245e-05,0.023145605217461486,5.7977770847611156e-05,0.12845554418938424,0.11900722024496213,0.009448323944421978,0.27674171958588395,7.381388950087443e-06,3.1178328424936103e-05,0.00029411938971041863,1.3473943349352355e-10,1.0599518963735876e-10,2.874424385616488e-11,5.690432934321869e-10,5.494019040838197e-10,1.9641389348367506e-11,0.00110111535489674,0.8624449729188023,3.505342037762967e-07,3.1231723205477747e-10,1.8725673052187977e-09,0.00011725441381159672,0.009864264321805772
15172,1500,85,80,34.87742,33.52267,63072000.0,0.0001307003748373616,0.023230695266347565,2.9434175297525942e-05,0.023143287394470732,5.797369657930608e-05,0.1283036280470514,0.11885617853084676,0.009447449516204512,0.2766908936282261,7.37078776288054e-06,3.117093418571852e-05,0.00029401940156860884,1.3473781378569548e-10,1.0597159977705919e-10,2.8766214008636363e-11,5.672925961602994e-10,5.477358457242871e-10,1.955675043601246e-11,0.0011008866249494376,0.8623992055443968,3.4883464381355274e-07,3.1212150773465206e-10,1.8731904425205448e-09,0.00011722464533927873,0.009862433641979489
