turbine_idx,P_rated_kW,Longitude,Latitude,Method,Unit,Input,Assembly,Maintenance,Transport,Disposal,Total
31528,1500,25.77719,53.60889,EF v3.1 - acidification - accumulated exceedance (AE),mol H+-Eq,9.232715808466757e-05,9.805207365168987e-06,1.529490106210608e-08,1.0200589174113831e-05,-7.591878235040265e-08,0.0001122723307426621
31528,1500,25.77719,53.60889,EF v3.1 - climate change - global warming potential (GWP100),kg CO2-Eq,0.014424910746815976,0.0026570713584061264,4.379117280945113e-06,0.0016503713010556564,-0.0001155530136454653,0.018621179509913238
31528,1500,25.77719,53.60889,EF v3.1 - climate change: biogenic - global warming potential (GWP100),kg CO2-Eq,2.049687067334122e-05,3.5709298601265123e-06,2.0934204762492038e-09,6.291038412557681e-07,-1.4001057917670703e-08,2.468499673728208e-05
31528,1500,25.77719,53.60889,EF v3.1 - climate change: fossil - global warming potential (GWP100),kg CO2-Eq,0.01436252331697348,0.0026513399470156664,4.375010781779323e-06,0.0016474475588013377,-0.00011553177654212688,0.018550154057030137
31528,1500,25.77719,53.60889,EF v3.1 - climate change: land use and land use change - global warming potential (GWP100),kg CO2-Eq,4.189055916915982e-05,2.160481530333367e-06,2.0130786895397555e-09,2.294638413062697e-06,-7.236045420772964e-09,4.634045614582465e-05
31528,1500,25.77719,53.60889,EF v3.1 - ecotoxicity: freshwater - comparative toxic unit for ecosystems (CTUe),CTUe,0.09137792209893363,0.012059030729159105,3.562873589251196e-05,0.009990450801929292,-0.0006073533973231174,0.11285567896859142
31528,1500,25.77719,53.60889,"EF v3.1 - ecotoxicity: freshwater, inorganics - comparative toxic unit for ecosystems (CTUe)",CTUe,0.08493201419420293,0.011613480277834608,3.011832107400094e-05,0.009455819151127507,-0.0005989142587778184,0.10543251768546123
31528,1500,25.77719,53.60889,"EF v3.1 - ecotoxicity: freshwater, organics - comparative toxic unit for ecosystems (CTUe)",CTUe,0.006445907904730689,0.0004455504513244957,5.510414818511013e-06,0.0005346316508017859,-8.43913854529912e-06,0.007423161283130182
31528,1500,25.77719,53.60889,EF v3.1 - energy resources: non-renewable - abiotic depletion potential (ADP): fossil fuels,"MJ, net calorific value",0.16667830485325424,0.03976057407235147,5.79026072647321e-05,0.022488149585351856,-0.00018630196142171494,0.22879862915680058
31528,1500,25.77719,53.60889,EF v3.1 - eutrophication: freshwater - fraction of nutrients reaching freshwater end compartment (P),kg P-Eq,6.753427088789582e-06,7.286762914460823e-07,5.778863783421621e-10,1.4041264363540937e-07,-2.462665358129762e-09,7.620631244891286e-06
31528,1500,25.77719,53.60889,EF v3.1 - eutrophication: marine - fraction of nutrients reaching marine end compartment (N),kg N-Eq,1.840187582809946e-05,2.170748878442769e-06,3.945991995498943e-09,4.342408053921151e-06,-4.592738064165315e-08,2.4873051371817225e-05
31528,1500,25.77719,53.60889,EF v3.1 - eutrophication: terrestrial - accumulated exceedance (AE),mol N-Eq,0.00016736925938145138,2.2838597248347773e-05,4.122575013669888e-08,4.6825365031381505e-05,-3.1993847137980836e-07,0.00023675450893993755
31528,1500,25.77719,53.60889,EF v3.1 - human toxicity: carcinogenic - comparative toxic unit for human (CTUh),CTUh,1.0589290733987786e-10,7.354850236180771e-12,3.932314540062204e-15,8.056514934098057e-13,-3.867256559140355e-12,1.1019008482486814e-10
31528,1500,25.77719,53.60889,"EF v3.1 - human toxicity: carcinogenic, inorganics - comparative toxic unit for human (CTUh)",CTUh,8.410453232022633e-11,5.187627412951075e-12,1.8199156701203815e-15,3.9760254923106433e-13,-1.3995363085301386e-14,8.967758683499329e-11
31528,1500,25.77719,53.60889,"EF v3.1 - human toxicity: carcinogenic, organics - comparative toxic unit for human (CTUh)",CTUh,2.1788375019651526e-11,2.167222823229696e-12,2.1123988699418227e-15,4.080489441787412e-13,-3.853261196055053e-12,2.051249798987485e-11
31528,1500,25.77719,53.60889,EF v3.1 - human toxicity: non-carcinogenic - comparative toxic unit for human (CTUh),CTUh,6.615065418152113e-10,3.231030534906879e-11,4.901333494826429e-14,1.116314074534916e-11,-4.277356812213124e-13,7.046012655633562e-10
31528,1500,25.77719,53.60889,"EF v3.1 - human toxicity: non-carcinogenic, inorganics - comparative toxic unit for human (CTUh)",CTUh,6.360255476576161e-10,3.081401876600495e-11,3.813173422855901e-14,1.054122126780632e-11,-4.078742675205015e-13,6.770110451581353e-10
31528,1500,25.77719,53.60889,"EF v3.1 - human toxicity: non-carcinogenic, organics - comparative toxic unit for human (CTUh)",CTUh,2.548099415759529e-11,1.4962865830638321e-12,1.0881600719705277e-14,6.219194775428392e-13,-1.9861413700810773e-14,2.7590220405220857e-11
31528,1500,25.77719,53.60889,EF v3.1 - ionising radiation: human health - human exposure efficiency relative to u235,kBq U235-Eq,0.0007490637838990954,0.0001604258388293511,9.238575163226684e-08,4.8173955213820545e-05,-2.331206952087154e-07,0.0009575228429986905
31528,1500,25.77719,53.60889,EF v3.1 - land use - soil quality index,dimensionless,0.663504070182345,0.019290222683238968,2.071626603734324e-05,0.01860884551554055,-0.0003012815116215652,0.7011225731355403
31528,1500,25.77719,53.60889,EF v3.1 - material resources: metals/minerals - abiotic depletion potential (ADP): elements (ultimate reserves),kg Sb-Eq,4.941752799542125e-07,2.4488553228131938e-08,4.3619801978953335e-11,3.239076707991951e-09,-2.494496261147394e-11,5.219215847297039e-07
31528,1500,25.77719,53.60889,EF v3.1 - ozone depletion - ozone depletion potential (ODP),kg CFC-11-Eq,1.9693016047338125e-10,5.2473374306845495e-11,9.623263686765292e-14,3.365899470454163e-11,-3.450059817879301e-13,2.828137561398481e-10
31528,1500,25.77719,53.60889,EF v3.1 - particulate matter formation - impact on human health,disease incidence,1.2459883972755618e-09,1.240211742905596e-10,2.3747775602645593e-13,8.896577320009972e-11,-1.6877175509999193e-10,1.2904410674222556e-09
31528,1500,25.77719,53.60889,EF v3.1 - photochemical oxidant formation: human health - tropospheric ozone concentration increase,kg NMVOC-Eq,6.90751423394027e-05,1.0278667575330025e-05,1.8331628022411657e-08,1.4573238113730514e-05,-1.1501575774678634e-07,9.383036389873886e-05
31528,1500,25.77719,53.60889,EF v3.1 - water use - user deprivation potential (deprivation-weighted water consumption),m3 world eq. deprived,0.007193738117402867,0.00124417527792067,4.7347970880730856e-07,0.0001312611153793672,-3.6509555310384773e-06,0.008565997034880674
31529,1500,25.77515,53.60427,EF v3.1 - acidification - accumulated exceedance (AE),mol H+-Eq,9.247052484763877e-05,9.811219384262269e-06,1.529490106210608e-08,1.0200571129561742e-05,-7.607759435831116e-08,0.00011242153266816657
31529,1500,25.77515,53.60427,EF v3.1 - climate change - global warming potential (GWP100),kg CO2-Eq,0.01442770867413685,0.0026572452663771173,4.379117280945113e-06,0.0016503640059695407,-0.00011607731650771765,0.018623619747256737
31529,1500,25.77515,53.60427,EF v3.1 - climate change: biogenic - global warming potential (GWP100),kg CO2-Eq,2.0503688565325695e-05,3.5747049803048346e-06,2.0934204762492038e-09,6.291016294063128e-07,-1.406668368680494e-08,2.4695521911826287e-05
31529,1500,25.77515,53.60427,EF v3.1 - climate change: fossil - global warming potential (GWP100),kg CO2-Eq,0.01436531031249986,0.002651509785628674,4.375010781779323e-06,0.001647440269483234,-0.00011605599786135814,0.01855257938053219
31529,1500,25.77515,53.60427,EF v3.1 - climate change: land use and land use change - global warming potential (GWP100),kg CO2-Eq,4.1894673071665116e-05,2.160775768138696e-06,2.0130786895397555e-09,2.2946348569004988e-06,-7.2519626727307444e-09,4.634484481272112e-05
31529,1500,25.77515,53.60427,EF v3.1 - ecotoxicity: freshwater - comparative toxic unit for ecosystems (CTUe),CTUe,0.0915397558386757,0.012065594578647532,3.562873589251196e-05,0.009990397993331108,-0.0006103938000944657,0.11302098334645239
31529,1500,25.77515,53.60427,"EF v3.1 - ecotoxicity: freshwater, inorganics - comparative toxic unit for ecosystems (CTUe)",CTUe,0.08509295505942382,0.011619995373345833,3.011832107400094e-05,0.009455768401413421,-0.0006019276733803814,0.1055969094818767
31529,1500,25.77515,53.60427,"EF v3.1 - ecotoxicity: freshwater, organics - comparative toxic unit for ecosystems (CTUe)",CTUe,0.006446800779251875,0.00044559920530169765,5.510414818511013e-06,0.0005346295919176877,-8.466126714084097e-06,0.007424073864575687
31529,1500,25.77515,53.60427,EF v3.1 - energy resources: non-renewable - abiotic depletion potential (ADP): fossil fuels,"MJ, net calorific value",0.16672964921025424,0.03976283473279088,5.79026072647321e-05,0.022488038114125104,-0.00018648543806745697,0.22885193922636748
31529,1500,25.77515,53.60427,EF v3.1 - eutrophication: freshwater - fraction of nutrients reaching freshwater end compartment (P),kg P-Eq,6.764561748455289e-06,7.291513894710631e-07,5.778863783421621e-10,1.40412105643333e-07,-2.4651732006379588e-09,7.63223795674739e-06
31529,1500,25.77515,53.60427,EF v3.1 - eutrophication: marine - fraction of nutrients reaching marine end compartment (N),kg N-Eq,1.840967282112448e-05,2.171118122850634e-06,3.945991995498943e-09,4.342403112294227e-06,-4.6097372543927506e-08,2.4881042675720912e-05
31529,1500,25.77515,53.60427,EF v3.1 - eutrophication: terrestrial - accumulated exceedance (AE),mol N-Eq,0.00016747380810002254,2.284329317577304e-05,4.122575013669888e-08,4.682531455919465e-05,-3.206434308938873e-07,0.00023686299815423305
31529,1500,25.77515,53.60427,EF v3.1 - human toxicity: carcinogenic - comparative toxic unit for human (CTUh),CTUh,1.0591854344674655e-10,7.355903642337097e-12,3.932314540062204e-15,8.056480980088854e-13,-3.892269090644944e-12,1.1019175841098765e-10
31529,1500,25.77515,53.60427,"EF v3.1 - human toxicity: carcinogenic, inorganics - comparative toxic unit for human (CTUh)",CTUh,8.412941896366373e-11,5.188630678545536e-12,1.8199156701203815e-15,3.976008133041593e-13,-1.4067741050986693e-14,8.970340263013257e-11
31529,1500,25.77515,53.60427,"EF v3.1 - human toxicity: carcinogenic, organics - comparative toxic unit for human (CTUh)",CTUh,2.1789124483082843e-11,2.16727296379156e-12,2.1123988699418227e-15,4.0804728470472595e-13,-3.878201349593959e-12,2.048835578085511e-11
31529,1500,25.77515,53.60427,EF v3.1 - human toxicity: non-carcinogenic - comparative toxic unit for human (CTUh),CTUh,6.633521483950329e-10,3.2384001823253745e-11,4.901333494826429e-14,1.1163061196036412e-11,-4.300103718077272e-13,7.065182143774636e-10
31529,1500,25.77515,53.60427,"EF v3.1 - human toxicity: non-carcinogenic, inorganics - comparative toxic unit for human (CTUh)",CTUh,6.377819461390264e-10,3.0884160444585596e-11,3.813173422855901e-14,1.0541145749396025e-11,-4.100543363760653e-13,6.788353297308605e-10
31529,1500,25.77515,53.60427,"EF v3.1 - human toxicity: non-carcinogenic, organics - comparative toxic unit for human (CTUh)",CTUh,2.5570202256006528e-11,1.4998413786681453e-12,1.0881600719705277e-14,6.219154466403901e-13,-1.9956035431661915e-14,2.7682884646603106e-11
31529,1500,25.77515,53.60427,EF v3.1 - ionising radiation: human health - human exposure efficiency relative to u235,kBq U235-Eq,0.0007492897825309952,0.0001604480574878419,9.238575163226684e-08,4.8173815655866126e-05,-2.3351745996780622e-07,0.0009577705239663676
31529,1500,25.77515,53.60427,EF v3.1 - land use - soil quality index,dimensionless,0.6635500378019892,0.019292296731031333,2.071626603734324e-05,0.018608733220332574,-0.0003014672015568279,0.7011703168178336
31529,1500,25.77515,53.60427,EF v3.1 - material resources: metals/minerals - abiotic depletion potential (ADP): elements (ultimate reserves),kg Sb-Eq,4.959667079366949e-07,2.455937475276939e-08,4.3619801978953335e-11,3.2390558252117133e-09,-2.50107484329196e-11,5.237837475682221e-07
31529,1500,25.77515,53.60427,EF v3.1 - ozone depletion - ozone depletion potential (ODP),kg CFC-11-Eq,1.9714040519555583e-10,5.247516294662559e-11,9.623263686765292e-14,3.3658829263896845e-11,-3.4591174217434537e-13,2.8302471830077157e-10
31529,1500,25.77515,53.60427,EF v3.1 - particulate matter formation - impact on human health,disease incidence,1.246349579799477e-09,1.240402661655377e-10,2.3747775602645593e-13,8.89650514613103e-11,-1.6985739450065828e-10,1.2897349806816933e-09
31529,1500,25.77515,53.60427,EF v3.1 - photochemical oxidant formation: human health - tropospheric ozone concentration increase,kg NMVOC-Eq,6.910585021097454e-05,1.0280251457290286e-05,1.8331628022411657e-08,1.4573208648961223e-05,-1.152972025661706e-07,9.386234474268228e-05
31529,1500,25.77515,53.60427,EF v3.1 - water use - user deprivation potential (deprivation-weighted water consumption),m3 world eq. deprived,0.0071956252187314355,0.0012443004023469132,4.7347970880730856e-07,0.00013126054287403266,-3.6669953102569148e-06,0.008567992648350932
31530,1500,25.76784,53.60522,EF v3.1 - acidification - accumulated exceedance (AE),mol H+-Eq,9.217805924683591e-05,9.798954974159706e-06,1.529490106210608e-08,1.0200135163121283e-05,-7.57536207374726e-08,0.00011211669066444153
31530,1500,25.76784,53.60522,EF v3.1 - climate change - global warming potential (GWP100),kg CO2-Eq,0.014422000953058806,0.0026568904972649027,4.379117280945113e-06,0.0016501877526210673,-0.00011500774816123752,0.018618450572064484
31530,1500,25.76784,53.60522,EF v3.1 - climate change: biogenic - global warming potential (GWP100),kg CO2-Eq,2.0489780189115454e-05,3.567003803489691e-06,2.0934204762492038e-09,6.290481898900951e-07,-1.3932808305927062e-08,2.467399279466556e-05
31530,1500,25.76784,53.60522,EF v3.1 - climate change: fossil - global warming potential (GWP100),kg CO2-Eq,0.014359624892084652,0.0026511633179330703,4.375010781779323e-06,0.0016472641554931384,-0.00011498659586116472,0.018547440780431475
31530,1500,25.76784,53.60522,EF v3.1 - climate change: land use and land use change - global warming potential (GWP100),kg CO2-Eq,4.188628078503657e-05,2.1601755283430067e-06,2.0130786895397555e-09,2.2945489380388395e-06,-7.219491766919066e-09,4.633579883834104e-05
31530,1500,25.76784,53.60522,EF v3.1 - ecotoxicity: freshwater - comparative toxic unit for ecosystems (CTUe),CTUe,0.09120961793960522,0.01205220444452978,3.562873589251196e-05,0.009989122108151546,-0.0006041914334874734,0.11268238179469159
31530,1500,25.76784,53.60522,"EF v3.1 - ecotoxicity: freshwater, inorganics - comparative toxic unit for ecosystems (CTUe)",CTUe,0.08476463860821107,0.011606704696458879,3.011832107400094e-05,0.00945454226002175,-0.0005957803621490892,0.10526022352361661
31530,1500,25.76784,53.60522,"EF v3.1 - ecotoxicity: freshwater, organics - comparative toxic unit for ecosystems (CTUe)",CTUe,0.00644497933139417,0.0004454997480708977,5.510414818511013e-06,0.0005345798481297958,-8.411071338384125e-06,0.0074221582710749905
31530,1500,25.76784,53.60522,EF v3.1 - energy resources: non-renewable - abiotic depletion potential (ADP): fossil fuels,"MJ, net calorific value",0.16662490765156493,0.0397582230264238,5.79026072647321e-05,0.022485344907127728,-0.00018611114903199183,0.2287402670433492
31530,1500,25.76784,53.60522,EF v3.1 - eutrophication: freshwater - fraction of nutrients reaching freshwater end compartment (P),kg P-Eq,6.741847244330501e-06,7.28182198101762e-07,5.778863783421621e-10,1.403991074547718e-07,-2.4600572473257783e-09,7.608546379018051e-06
31530,1500,25.76784,53.60522,EF v3.1 - eutrophication: marine - fraction of nutrients reaching marine end compartment (N),kg N-Eq,1.839376709651816e-05,2.1703648709437678e-06,3.945991995498943e-09,4.342283719832192e-06,-4.575059214099487e-08,2.4864611087148624e-05
31530,1500,25.76784,53.60522,EF v3.1 - eutrophication: terrestrial - accumulated exceedance (AE),mol N-Eq,0.00016726053060699418,2.283371356884535e-05,4.122575013669888e-08,4.6824095123015555e-05,-3.192053262484734e-07,0.0002366403597227433
31530,1500,25.76784,53.60522,EF v3.1 - human toxicity: carcinogenic - comparative toxic unit for human (CTUh),CTUh,1.0586624625287664e-10,7.353754712850131e-12,3.932314540062204e-15,8.055660632293012e-13,-3.841243979228004e-12,1.1018825536426814e-10
31530,1500,25.76784,53.60522,"EF v3.1 - human toxicity: carcinogenic, inorganics - comparative toxic unit for human (CTUh)",CTUh,8.407865066162464e-11,5.186584034896979e-12,1.8199156701203815e-15,3.975588723421414e-13,-1.3920091311393299e-14,8.96506933932225e-11
31530,1500,25.76784,53.60522,"EF v3.1 - human toxicity: carcinogenic, organics - comparative toxic unit for human (CTUh)",CTUh,2.1787595591251998e-11,2.1671706779531543e-12,2.1123988699418227e-15,4.0800719088715975e-13,-3.827323887916612e-12,2.053756197104564e-11
31530,1500,25.76784,53.60522,EF v3.1 - human toxicity: non-carcinogenic - comparative toxic unit for human (CTUh),CTUh,6.595871443869441e-10,3.223366235019269e-11,4.901333494826429e-14,1.1161139240281647e-11,-4.25370044194763e-13,7.026055892681719e-10
31530,1500,25.76784,53.60522,"EF v3.1 - human toxicity: non-carcinogenic, inorganics - comparative toxic unit for human (CTUh)",CTUh,6.341989250365819e-10,3.0741072690197694e-11,3.813173422855901e-14,1.0539321182492162e-11,-4.056070353809089e-13,6.751118436081194e-10
31530,1500,25.76784,53.60522,"EF v3.1 - human toxicity: non-carcinogenic, organics - comparative toxic unit for human (CTUh)",CTUh,2.538821935036217e-11,1.4925896599949972e-12,1.0881600719705277e-14,6.218180577894845e-13,-1.9763008813854064e-14,2.7493745660052502e-11
31530,1500,25.76784,53.60522,EF v3.1 - ionising radiation: human health - human exposure efficiency relative to u235,kBq U235-Eq,0.0007488287494136299,0.00016040273182678995,9.238575163226684e-08,4.817044385786659e-05,-2.3270806704269544e-07,0.000957261602782876
31530,1500,25.76784,53.60522,EF v3.1 - land use - soil quality index,dimensionless,0.663456264690159,0.019288065711085597,2.071626603734324e-05,0.01860602010548928,-0.00030108839745081214,0.7010699783753204
31530,1500,25.76784,53.60522,EF v3.1 - material resources: metals/minerals - abiotic depletion potential (ADP): elements (ultimate reserves),kg Sb-Eq,4.923122272862732e-07,2.4414900124734226e-08,4.3619801978953335e-11,3.2385512855963774e-09,-2.4876546548224167e-11,5.199844219520346e-07
31530,1500,25.76784,53.60522,EF v3.1 - ozone depletion - ozone depletion potential (ODP),kg CFC-11-Eq,1.9671150976880497e-10,5.247151415385756e-11,9.623263686765292e-14,3.365483212566519e-11,-3.4406400738486973e-13,2.8259002467781053e-10
31530,1500,25.76784,53.60522,EF v3.1 - particulate matter formation - impact on human health,disease incidence,1.2456127739899077e-09,1.2400131908624118e-10,2.3747775602645593e-13,8.894761384969727e-11,-1.6764270977882372e-10,1.2911564749030489e-09
31530,1500,25.76784,53.60522,EF v3.1 - photochemical oxidant formation: human health - tropospheric ozone concentration increase,kg NMVOC-Eq,6.904320670893469e-05,1.0277020366767568e-05,1.8331628022411657e-08,1.4572496763704935e-05,-1.1472306023019126e-07,9.379633240719942e-05
31530,1500,25.76784,53.60522,EF v3.1 - water use - user deprivation potential (deprivation-weighted water consumption),m3 world eq. deprived,0.007191775566187166,0.0012440451507827563,4.7347970880730856e-07,0.00013124671082590715,-3.6342744510518522e-06,0.008563906633053585
31531,1500,25.78518,53.60569,EF v3.1 - acidification - accumulated exceedance (AE),mol H+-Eq,9.2748527786258e-05,9.82287730929545e-06,1.529490106210608e-08,1.020111148162423e-05,-7.638554721971087e-08,0.00011271142593102008
31531,1500,25.78518,53.60569,EF v3.1 - climate change - global warming potential (GWP100),kg CO2-Eq,0.014433134143758438,0.002657582491867761,4.379117280945113e-06,0.0016505824605374368,-0.00011709399382826166,0.01862858421961632
31531,1500,25.78518,53.60569,EF v3.1 - climate change: biogenic - global warming potential (GWP100),kg CO2-Eq,2.0516909161003448e-05,3.5820253276535764e-06,2.0934204762492038e-09,6.291678642127719e-07,-1.4193938821051993e-08,2.4716001834524993e-05
31531,1500,25.78518,53.60569,EF v3.1 - climate change: fossil - global warming potential (GWP100),kg CO2-Eq,0.014370714584244547,0.00265183912021452,4.375010781779323e-06,0.00164765855132548,-0.00011707251706157482,0.01855751474950475
31531,1500,25.78518,53.60569,EF v3.1 - climate change: land use and land use change - global warming potential (GWP100),kg CO2-Eq,4.190265035288408e-05,2.1613463255875713e-06,2.0130786895397555e-09,2.294741347744281e-06,-7.282827865801297e-09,4.635346827703967e-05
31531,1500,25.78518,53.60569,EF v3.1 - ecotoxicity: freshwater - comparative toxic unit for ecosystems (CTUe),CTUe,0.09185356814972781,0.012078322559726401,3.562873589251196e-05,0.009991979370070899,-0.0006162894546206871,0.11334320936079693
31531,1500,25.78518,53.60569,"EF v3.1 - ecotoxicity: freshwater, inorganics - comparative toxic unit for ecosystems (CTUe)",CTUe,0.08540503599469844,0.011632628815434982,3.011832107400094e-05,0.009457288123961769,-0.0006077709950640759,0.10591730026010511
31531,1500,25.78518,53.60569,"EF v3.1 - ecotoxicity: freshwater, organics - comparative toxic unit for ecosystems (CTUe)",CTUe,0.00644853215502938,0.00044569374429142254,5.510414818511013e-06,0.0005346912461091318,-8.518459556611082e-06,0.007425909100691834
31531,1500,25.78518,53.60569,EF v3.1 - energy resources: non-renewable - abiotic depletion potential (ADP): fossil fuels,"MJ, net calorific value",0.16682921121355054,0.039767218386521704,5.79026072647321e-05,0.022491376169123563,-0.00018684121820524614,0.2289588671582553
31531,1500,25.78518,53.60569,EF v3.1 - eutrophication: freshwater - fraction of nutrients reaching freshwater end compartment (P),kg P-Eq,6.786153001849312e-06,7.300726535377102e-07,5.778863783421621e-10,1.4042821605309362e-07,-2.4700361658917165e-09,7.654761721652566e-06
31531,1500,25.78518,53.60569,EF v3.1 - eutrophication: marine - fraction of nutrients reaching marine end compartment (N),kg N-Eq,1.842479199469323e-05,2.171834125837154e-06,3.945991995498943e-09,4.3425510914896844e-06,-4.642700437346977e-08,2.4896696199642095e-05
31531,1500,25.78518,53.60569,EF v3.1 - eutrophication: terrestrial - accumulated exceedance (AE),mol N-Eq,0.0001676765388472983,2.285239906333522e-05,4.122575013669888e-08,4.682682597106787e-05,-3.2201042009319654e-07,0.0002370749792117449
31531,1500,25.78518,53.60569,EF v3.1 - human toxicity: carcinogenic - comparative toxic unit for human (CTUh),CTUh,1.059682545017816e-10,7.357946305510552e-12,3.932314540062204e-15,8.05749774785422e-13,-3.9407709687404906e-12,1.1019511192787714e-10
31531,1500,25.78518,53.60569,"EF v3.1 - human toxicity: carcinogenic, inorganics - comparative toxic unit for human (CTUh)",CTUh,8.417767673181429e-11,5.19057611399861e-12,1.8199156701203815e-15,3.976527964001639e-13,-1.420808939069106e-14,8.975351746849249e-11
31531,1500,25.78518,53.60569,"EF v3.1 - human toxicity: carcinogenic, organics - comparative toxic unit for human (CTUh)",CTUh,2.17905777699673e-11,2.167370191511941e-12,2.1123988699418227e-15,4.080969783852581e-13,-3.926562879349802e-12,2.044159445938464e-11
31531,1500,25.78518,53.60569,EF v3.1 - human toxicity: non-carcinogenic - comparative toxic unit for human (CTUh),CTUh,6.669309698881888e-10,3.2526906886914925e-11,4.901333494826429e-14,1.1165443335255662e-11,-4.3442123144051315e-13,7.102379122138671e-10
31531,1500,25.78518,53.60569,"EF v3.1 - human toxicity: non-carcinogenic, inorganics - comparative toxic unit for human (CTUh)",CTUh,6.411877839294537e-10,3.102017239296881e-11,3.813173422855901e-14,1.054340718146544e-11,-4.142817147145213e-13,6.82375213523402e-10
31531,1500,25.78518,53.60569,"EF v3.1 - human toxicity: non-carcinogenic, organics - comparative toxic unit for human (CTUh)",CTUh,2.5743185958735058e-11,1.5067344939461167e-12,1.0881600719705277e-14,6.220361537902219e-13,-2.0139516725991905e-14,2.786269869046511e-11
31531,1500,25.78518,53.60569,EF v3.1 - ionising radiation: human health - human exposure efficiency relative to u235,kBq U235-Eq,0.0007497280171851786,0.00016049114175803526,9.238575163226684e-08,4.817799478029919e-05,-2.3428682775348988e-07,0.0009582552526473918
31531,1500,25.78518,53.60569,EF v3.1 - land use - soil quality index,dimensionless,0.6636391737570582,0.019296318523594428,2.071626603734324e-05,0.018612095949811926,-0.00030182727349125146,0.7012664772230106
31531,1500,25.78518,53.60569,EF v3.1 - material resources: metals/minerals - abiotic depletion potential (ADP): elements (ultimate reserves),kg Sb-Eq,4.994404715422454e-07,2.469670499276833e-08,4.3619801978953335e-11,3.2396811692667856e-09,-2.513831392510448e-11,5.273953391923343e-07
31531,1500,25.78518,53.60569,EF v3.1 - ozone depletion - ozone depletion potential (ODP),kg CFC-11-Eq,1.9754809139410273e-10,5.247863130361918e-11,9.623263686765292e-14,3.3663783456896775e-11,-3.476681049734336e-13,2.834390706865129e-10
31531,1500,25.78518,53.60569,EF v3.1 - particulate matter formation - impact on human health,disease incidence,1.247049949961608e-09,1.2407728728003917e-10,2.3747775602645593e-13,8.898666424735419e-11,-1.7196256125905603e-10,1.2883888179859718e-09
31531,1500,25.78518,53.60569,EF v3.1 - photochemical oxidant formation: human health - tropospheric ozone concentration increase,kg NMVOC-Eq,6.916539594081307e-05,1.0283322767754818e-05,1.8331628022411657e-08,1.4574090984459536e-05,-1.1584295309597578e-07,9.392529836795386e-05
31531,1500,25.78518,53.60569,EF v3.1 - water use - user deprivation potential (deprivation-weighted water consumption),m3 world eq. deprived,0.007199284502821705,0.0012445430315133111,4.7347970880730856e-07,0.00013127768679851718,-3.6980980963219476e-06,0.008571880602746018
31532,1500,25.77245,53.61143,EF v3.1 - acidification - accumulated exceedance (AE),mol H+-Eq,9.204787804596114e-05,9.793495885532565e-06,1.529490106210608e-08,1.0200265825268614e-05,-7.560941480386295e-08,0.00011198132524302057
31532,1500,25.77245,53.61143,EF v3.1 - climate change - global warming potential (GWP100),kg CO2-Eq,0.014419460353473218,0.0026567325837566656,4.379117280945113e-06,0.0016502405769645214,-0.00011453166587538878,0.01861628096559996
31532,1500,25.77245,53.61143,EF v3.1 - climate change: biogenic - global warming potential (GWP100),kg CO2-Eq,2.048358934440655e-05,3.5635758842978543e-06,2.0934204762492038e-09,6.290642060814652e-07,-1.3873218194124511e-08,2.4664449637067992e-05
31532,1500,25.77245,53.61143,EF v3.1 - climate change: fossil - global warming potential (GWP100),kg CO2-Eq,0.014357094218887199,0.002651009099520531,4.375010781779323e-06,0.0016473169380699262,-0.00011451058761875662,0.01854528467964068
31532,1500,25.77245,53.61143,EF v3.1 - climate change: land use and land use change - global warming potential (GWP100),kg CO2-Eq,4.1882545241614075e-05,2.1599083518367743e-06,2.0130786895397555e-09,2.2945746885139196e-06,-7.205038438047397e-09,4.633183632221626e-05
31532,1500,25.77245,53.61143,EF v3.1 - ecotoxicity: freshwater - comparative toxic unit for ecosystems (CTUe),CTUe,0.09106266818538698,0.012046244277814316,3.562873589251196e-05,0.00998950449973455,-0.0006014306591230797,0.11253261503970528
31532,1500,25.77245,53.61143,"EF v3.1 - ecotoxicity: freshwater, inorganics - comparative toxic unit for ecosystems (CTUe)",CTUe,0.08461849961009128,0.011600788799776222,3.011832107400094e-05,0.00945490974304864,-0.0005930440938288374,0.10511127238016131
31532,1500,25.77245,53.61143,"EF v3.1 - ecotoxicity: freshwater, organics - comparative toxic unit for ecosystems (CTUe)",CTUe,0.006444168575295688,0.0004454554780380952,5.510414818511013e-06,0.0005345947566859116,-8.386565294242337e-06,0.007421342659543964
31532,1500,25.77245,53.61143,EF v3.1 - energy resources: non-renewable - abiotic depletion potential (ADP): fossil fuels,"MJ, net calorific value",0.16657828547837866,0.0397561702808315,5.79026072647321e-05,0.022486152079829156,-0.00018594454688809076,0.22869256589941594
31532,1500,25.77245,53.61143,EF v3.1 - eutrophication: freshwater - fraction of nutrients reaching freshwater end compartment (P),kg P-Eq,6.731736648704476e-06,7.277507952428048e-07,5.778863783421621e-10,1.4040300310148032e-07,-2.4577800532080105e-09,7.598010553373895e-06
31532,1500,25.77245,53.61143,EF v3.1 - eutrophication: marine - fraction of nutrients reaching marine end compartment (N),kg N-Eq,1.8386687199517116e-05,2.170029586255491e-06,3.945991995498943e-09,4.34231950257604e-06,-4.559623453733256e-08,2.4857386045806812e-05
31532,1500,25.77245,53.61143,EF v3.1 - eutrophication: terrestrial - accumulated exceedance (AE),mol N-Eq,0.0001671655973222394,2.2829449529825606e-05,4.122575013669888e-08,4.6824460596444005e-05,-3.185652024554204e-07,0.0002365421679961903
31532,1500,25.77245,53.61143,EF v3.1 - human toxicity: carcinogenic - comparative toxic unit for human (CTUh),CTUh,1.0584296792037645e-10,7.352798189346371e-12,3.932314540062204e-15,8.055906496182094e-13,-3.8185318713397995e-12,1.1018675720254129e-10
31532,1500,25.77245,53.61143,"EF v3.1 - human toxicity: carcinogenic, inorganics - comparative toxic unit for human (CTUh)",CTUh,8.405605286377193e-11,5.185673040485325e-12,1.8199156701203815e-15,3.9757144233755787e-13,-1.3854370008250836e-14,8.962726289225668e-11
31532,1500,25.77245,53.61143,"EF v3.1 - human toxicity: carcinogenic, organics - comparative toxic unit for human (CTUh)",CTUh,2.1786915056604515e-11,2.1671251488610477e-12,2.1123988699418227e-15,4.0801920728065145e-13,-3.804677501331547e-12,2.0559494310284608e-11
31532,1500,25.77245,53.61143,EF v3.1 - human toxicity: non-carcinogenic - comparative toxic unit for human (CTUh),CTUh,6.579112798007299e-10,3.216674380288923e-11,4.901333494826429e-14,1.1161715263669415e-11,-4.233045588199037e-13,7.008654476434169e-10
31532,1500,25.77245,53.61143,"EF v3.1 - human toxicity: non-carcinogenic, inorganics - comparative toxic unit for human (CTUh)",CTUh,6.326040640047361e-10,3.067738200094893e-11,3.813173422855901e-14,1.0539868017770012e-11,-4.036274692965167e-13,6.734558182883871e-10
31532,1500,25.77245,53.61143,"EF v3.1 - human toxicity: non-carcinogenic, organics - comparative toxic unit for human (CTUh)",CTUh,2.5307215795993964e-11,1.489361801940291e-12,1.0881600719705277e-14,6.218472458994034e-13,-1.967708952338698e-14,2.7409629355029975e-11
31532,1500,25.77245,53.61143,EF v3.1 - ionising radiation: human health - human exposure efficiency relative to u235,kBq U235-Eq,0.0007486235360664982,0.00016038255663705848,9.238575163226684e-08,4.817145440896894e-05,-2.323477930731033e-07,0.0009570375850710848
31532,1500,25.77245,53.61143,EF v3.1 - land use - soil quality index,dimensionless,0.6634145247512591,0.01928618241521781,2.071626603734324e-05,0.01860683324470935,-0.00030091978557549416,0.7010273368916481
31532,1500,25.77245,53.61143,EF v3.1 - material resources: metals/minerals - abiotic depletion potential (ADP): elements (ultimate reserves),kg Sb-Eq,4.906855584461104e-07,2.4350592115443854e-08,4.3619801978953335e-11,3.2387024995968917e-09,-2.481681110425625e-11,5.182936560520259e-07
31532,1500,25.77245,53.61143,EF v3.1 - ozone depletion - ozone depletion potential (ODP),kg CFC-11-Eq,1.9652060143103533e-10,5.2469890016786443e-11,9.623263686765292e-14,3.365603009554554e-11,-3.4324155054505123e-13,2.823995126296899e-10
31532,1500,25.77245,53.61143,EF v3.1 - particulate matter formation - impact on human health,disease incidence,1.2452848097273141e-09,1.2398398310710562e-10,2.3747775602645593e-13,8.895284002209534e-11,-1.6665691754939288e-10,1.2918021930631487e-09
31532,1500,25.77245,53.61143,EF v3.1 - photochemical oxidant formation: human health - tropospheric ozone concentration increase,kg NMVOC-Eq,6.90153230662083e-05,1.027558215576693e-05,1.8331628022411657e-08,1.4572710120623278e-05,-1.1446750012819764e-07,9.376747947049271e-05
31532,1500,25.77245,53.61143,EF v3.1 - water use - user deprivation potential (deprivation-weighted water consumption),m3 world eq. deprived,0.007190062023159244,0.001243931534155516,4.7347970880730856e-07,0.00013125085638607487,-3.619709863855018e-06,0.008562098183545787
34990,1650,24.79489,53.13821,EF v3.1 - acidification - accumulated exceedance (AE),mol H+-Eq,0.00014982338142983278,1.798248971328472e-05,3.059117406589767e-08,1.2001250194451908e-05,-1.314155868622392e-07,0.00017970629692477306
34990,1650,24.79489,53.13821,EF v3.1 - climate change - global warming potential (GWP100),kg CO2-Eq,0.021171925433653933,0.004283286080424222,8.758627365578138e-06,0.001967180730966582,-0.00020296378314777053,0.027228187089262546
34990,1650,24.79489,53.13821,EF v3.1 - climate change: biogenic - global warming potential (GWP100),kg CO2-Eq,3.4918394858428926e-05,5.903204604324873e-06,4.187028730817796e-09,7.465554044712107e-07,-2.3928789301526052e-08,4.15484131066543e-05
34990,1650,24.79489,53.13821,EF v3.1 - climate change: fossil - global warming potential (GWP100),kg CO2-Eq,0.021050073044244937,0.004273749767610384,8.750413998896521e-06,0.0019637374043225317,-0.00020292723109734587,0.027093383399079404
34990,1650,24.79489,53.13821,EF v3.1 - climate change: land use and land use change - global warming potential (GWP100),kg CO2-Eq,8.693399455056644e-05,3.6331082095127823e-06,4.026337950798096e-09,2.6967712395794177e-06,-1.2623261123168974e-08,9.325527707648627e-05
34990,1650,24.79489,53.13821,EF v3.1 - ecotoxicity: freshwater - comparative toxic unit for ecosystems (CTUe),CTUe,0.14976342129383355,0.025162736571630526,7.126066765714983e-05,0.01195859696898206,-0.001040900670610553,0.18591511483149273
34990,1650,24.79489,53.13821,"EF v3.1 - ecotoxicity: freshwater, inorganics - comparative toxic unit for ecosystems (CTUe)",CTUe,0.13926912349935655,0.02421889586978233,6.023934373985992e-05,0.011323108068969263,-0.001026583993241483,0.17384478278860652
34990,1650,24.79489,53.13821,"EF v3.1 - ecotoxicity: freshwater, organics - comparative toxic unit for ecosystems (CTUe)",CTUe,0.010494297794476961,0.0009438407018481996,1.1021323917289892e-05,0.0006354889000127948,-1.4316677369070102e-05,0.012070332042886175
34990,1650,24.79489,53.13821,EF v3.1 - energy resources: non-renewable - abiotic depletion potential (ADP): fossil fuels,"MJ, net calorific value",0.2540650918795122,0.06791779298835587,0.00011581040835192068,0.026875295284950366,-0.00032380334973753624,0.3486501872114328
34990,1650,24.79489,53.13821,EF v3.1 - eutrophication: freshwater - fraction of nutrients reaching freshwater end compartment (P),kg P-Eq,1.0892245001972433e-05,1.1692262187662974e-06,1.1558245926791251e-09,1.6688525980896246e-07,-4.856043553414792e-09,1.2224656261586957e-05
34990,1650,24.79489,53.13821,EF v3.1 - eutrophication: marine - fraction of nutrients reaching marine end compartment (N),kg N-Eq,2.8464549464758178e-05,4.296107913873831e-06,7.89233794365749e-09,5.09299888063814e-06,-7.798607174761191e-08,3.77835625254662e-05
34990,1650,24.79489,53.13821,EF v3.1 - eutrophication: terrestrial - accumulated exceedance (AE),mol N-Eq,0.0002651862908536509,4.547323222426547e-05,8.245519819369809e-08,5.49028008645739e-05,-5.523275091300253e-07,0.00036509245163155395
34990,1650,24.79489,53.13821,EF v3.1 - human toxicity: carcinogenic - comparative toxic unit for human (CTUh),CTUh,1.741938389081966e-10,1.183572227155949e-11,7.864981805926043e-15,9.593410272125666e-13,-6.372829997455382e-12,1.806239371913192e-10
34990,1650,24.79489,53.13821,"EF v3.1 - human toxicity: carcinogenic, inorganics - comparative toxic unit for human (CTUh)",CTUh,1.4392217888653944e-10,8.773439690208008e-12,3.639994585374668e-15,4.738016641754864e-13,-2.3837550635269433e-14,1.5314922268487304e-10
34990,1650,24.79489,53.13821,"EF v3.1 - human toxicity: carcinogenic, organics - comparative toxic unit for human (CTUh)",CTUh,3.0271660021657157e-11,3.0622825813514833e-12,4.224987220551374e-15,4.855393630370799e-13,-6.348992446820112e-12,2.7474714506446158e-11
34990,1650,24.79489,53.13821,EF v3.1 - human toxicity: non-carcinogenic - comparative toxic unit for human (CTUh),CTUh,1.135581126353286e-09,5.737278046297674e-11,9.803106635761638e-14,1.3481916806108254e-11,-7.260041775788598e-13,1.2058078505111498e-09
34990,1650,24.79489,53.13821,"EF v3.1 - human toxicity: non-carcinogenic, inorganics - comparative toxic unit for human (CTUh)",CTUh,1.0909369068770055e-09,5.4584591368263976e-11,7.62668888464044e-14,1.2733148458117652e-11,-6.923878885917097e-13,1.157638525703642e-09
34990,1650,24.79489,53.13821,"EF v3.1 - human toxicity: non-carcinogenic, organics - comparative toxic unit for human (CTUh)",CTUh,4.464421947628053e-11,2.788189094712764e-12,2.1764177511211988e-14,7.487683479906006e-13,-3.361628898714994e-14,4.8169324807507955e-11
34990,1650,24.79489,53.13821,EF v3.1 - ionising radiation: human health - human exposure efficiency relative to u235,kBq U235-Eq,0.0012527806423334139,0.00025918003732115894,1.847797902003757e-07,5.699426729692187e-05,-4.194731368012545e-07,0.0015687202536048938
34990,1650,24.79489,53.13821,EF v3.1 - land use - soil quality index,dimensionless,1.5184337757197863,0.07968858507117751,4.143439030893261e-05,0.022355950524239717,-0.0005183467581461687,1.6200013989473663
34990,1650,24.79489,53.13821,EF v3.1 - material resources: metals/minerals - abiotic depletion potential (ADP): elements (ultimate reserves),kg Sb-Eq,8.823658431092154e-07,4.525765397967643e-08,8.724351662294489e-11,3.8990841731369145e-09,-4.4042955041797304e-11,9.315657818236098e-07
34990,1650,24.79489,53.13821,EF v3.1 - ozone depletion - ozone depletion potential (ODP),kg CFC-11-Eq,2.965666144119036e-10,8.665160601421208e-11,1.9247390573400194e-13,4.021725686810497e-11,-5.9597830096061e-13,4.23031972898994e-10
34990,1650,24.79489,53.13821,EF v3.1 - particulate matter formation - impact on human health,disease incidence,2.031732746925177e-09,2.924142568055698e-10,4.749768136377702e-13,1.079564942041209e-10,-2.781623892754688e-10,2.154416085473037e-09
34990,1650,24.79489,53.13821,EF v3.1 - photochemical oxidant formation: human health - tropospheric ozone concentration increase,kg NMVOC-Eq,0.0001119508868840259,2.0715872403815818e-05,3.6664900378745123e-08,1.7167238686732133e-05,-1.976110694939967e-07,0.0001496730518054586
34990,1650,24.79489,53.13821,EF v3.1 - water use - user deprivation potential (deprivation-weighted water consumption),m3 world eq. deprived,0.010959378764390798,0.0018541507886485375,9.470018884058381e-07,0.00015641347153187073,-6.3109686810876506e-06,0.012964579057778524
34991,1650,24.78904,53.13488,EF v3.1 - acidification - accumulated exceedance (AE),mol H+-Eq,0.00014952803444221764,1.797010447355489e-05,3.059117406589767e-08,1.2000939117129282e-05,-1.3108842143588224e-07,0.00017939858078553183
34991,1650,24.78904,53.13488,EF v3.1 - climate change - global warming potential (GWP100),kg CO2-Eq,0.02116616147980118,0.004282927816107652,8.758627365578138e-06,0.001967054968030129,-0.00020188367735647685,0.02722301921394806
34991,1650,24.78904,53.13488,EF v3.1 - climate change: biogenic - global warming potential (GWP100),kg CO2-Eq,3.490434945614902e-05,5.895427555101989e-06,4.187028730817796e-09,7.465172735049601e-07,-2.3793594973203128e-08,4.152668771851358e-05
34991,1650,24.78904,53.13488,EF v3.1 - climate change: fossil - global warming potential (GWP100),kg CO2-Eq,0.02104433161076235,0.004273399886496428,8.750413998896521e-06,0.001963611740823161,-0.00020184729329119134,0.027088246358789644
34991,1650,24.78904,53.13488,EF v3.1 - climate change: land use and land use change - global warming potential (GWP100),kg CO2-Eq,8.692551958267918e-05,3.632502056122377e-06,4.026337950798096e-09,2.6967099334627827e-06,-1.2590470312248695e-08,9.32461674399029e-05
34991,1650,24.78904,53.13488,EF v3.1 - ecotoxicity: freshwater - comparative toxic unit for ecosystems (CTUe),CTUe,0.14943003085844422,0.025149214517192042,7.126066765714983e-05,0.01195768658022548,-0.001034637197954518,0.1855735554255644
34991,1650,24.78904,53.13488,"EF v3.1 - ecotoxicity: freshwater, inorganics - comparative toxic unit for ecosystems (CTUe)",CTUe,0.13893757245682709,0.024205474252432625,6.023934373985992e-05,0.011322233174147352,-0.0010203761183696664,0.17350514310877727
34991,1650,24.78904,53.13488,"EF v3.1 - ecotoxicity: freshwater, organics - comparative toxic unit for ecosystems (CTUe)",CTUe,0.010492458401617106,0.000943740264759418,1.1021323917289892e-05,0.0006354534060781274,-1.4261079584850811e-05,0.01206841231678709
34991,1650,24.78904,53.13488,EF v3.1 - energy resources: non-renewable - abiotic depletion potential (ADP): fossil fuels,"MJ, net calorific value",0.2539593184013594,0.06791313584720989,0.00011581040835192068,0.026873373587442764,-0.0003234253731863846,0.3485382128711776
34991,1650,24.78904,53.13488,EF v3.1 - eutrophication: freshwater - fraction of nutrients reaching freshwater end compartment (P),kg P-Eq,1.0869306713332634e-05,1.1682474788715547e-06,1.1558245926791251e-09,1.6687598514623295e-07,-4.850877197455723e-09,1.2200735124745646e-05
34991,1650,24.78904,53.13488,EF v3.1 - eutrophication: marine - fraction of nutrients reaching marine end compartment (N),kg N-Eq,2.8448487036098486e-05,4.295347240888706e-06,7.89233794365749e-09,5.092913689935404e-06,-7.76358748455183e-08,3.7767004430020735e-05
34991,1650,24.78904,53.13488,EF v3.1 - eutrophication: terrestrial - accumulated exceedance (AE),mol N-Eq,0.0002649709121393027,4.546355823853562e-05,8.245519819369809e-08,5.4901930754156e-05,-5.508752362003807e-07,0.00036486798109398763
34991,1650,24.78904,53.13488,EF v3.1 - human toxicity: carcinogenic - comparative toxic unit for human (CTUh),CTUh,1.7414102647956294e-10,1.1833552170703765e-11,7.864981805926043e-15,9.592824925245093e-13,-6.321302183899361e-12,1.8062042394069777e-10
34991,1650,24.78904,53.13488,"EF v3.1 - human toxicity: carcinogenic, inorganics - comparative toxic unit for human (CTUh)",CTUh,1.4387091041246106e-10,8.771372882916263e-12,3.639994585374668e-15,4.737717378303317e-13,-2.3688446242508868e-14,1.5309600658155052e-10
34991,1650,24.78904,53.13488,"EF v3.1 - human toxicity: carcinogenic, organics - comparative toxic unit for human (CTUh)",CTUh,3.027011606710188e-11,3.062179287787501e-12,4.224987220551374e-15,4.855107546941775e-13,-6.297613737656852e-12,2.7524417359147255e-11
34991,1650,24.78904,53.13488,EF v3.1 - human toxicity: non-carcinogenic - comparative toxic unit for human (CTUh),CTUh,1.1317790293234283e-09,5.7220959837349856e-11,9.803106635761638e-14,1.3480545423371145e-11,-7.213181332089444e-13,1.201857247517298e-09
34991,1650,24.78904,53.13488,"EF v3.1 - human toxicity: non-carcinogenic, inorganics - comparative toxic unit for human (CTUh)",CTUh,1.087318585658156e-09,5.444009390563222e-11,7.62668888464044e-14,1.273184656573618e-11,-6.878967725482115e-13,1.1538788962458224e-09
34991,1650,24.78904,53.13488,"EF v3.1 - human toxicity: non-carcinogenic, organics - comparative toxic unit for human (CTUh)",CTUh,4.4460443665272413e-11,2.7808659317176377e-12,2.1764177511211988e-14,7.486988576349629e-13,-3.342136066073282e-14,4.797835127147549e-11
34991,1650,24.78904,53.13488,EF v3.1 - ionising radiation: human health - human exposure efficiency relative to u235,kBq U235-Eq,0.0012523150670930067,0.00025913426510925904,1.847797902003757e-07,5.69918614009703e-05,-4.1865576969355986e-07,0.001568207317623743
34991,1650,24.78904,53.13488,EF v3.1 - land use - soil quality index,dimensionless,1.51833907875022,0.079684312366996,4.143439030893261e-05,0.022354014621786884,-0.0005179642220417486,1.6199008759072702
34991,1650,24.78904,53.13488,EF v3.1 - material resources: metals/minerals - abiotic depletion potential (ADP): elements (ultimate reserves),kg Sb-Eq,8.786753583190826e-07,4.5111755979843755e-08,8.724351662294489e-11,3.898724166452606e-09,-4.3907430992923706e-11,9.27729174551009e-07
34991,1650,24.78904,53.13488,EF v3.1 - ozone depletion - ozone depletion potential (ODP),kg CFC-11-Eq,2.9613349348436554e-10,8.664792127334164e-11,1.9247390573400194e-13,4.0214404769998585e-11,-5.941123621887164e-13,4.2259418107125105e-10
34991,1650,24.78904,53.13488,EF v3.1 - particulate matter formation - impact on human health,disease incidence,2.030988682065186e-09,2.9237492601755547e-10,4.749768136377702e-13,1.0794405185757712e-10,-2.759258853607676e-10,2.1558567513931887e-09
34991,1650,24.78904,53.13488,EF v3.1 - photochemical oxidant formation: human health - tropospheric ozone concentration increase,kg NMVOC-Eq,0.0001118876262148384,2.0712609480415665e-05,3.6664900378745123e-08,1.7166730731671852e-05,-1.9703127067687677e-07,0.00014960660005662778
34991,1650,24.78904,53.13488,EF v3.1 - water use - user deprivation potential (deprivation-weighted water consumption),m3 world eq. deprived,0.010955491184862835,0.0018538930223322557,9.470018884058381e-07,0.00015640360188114074,-6.277925454219724e-06,0.012960456885510417
34992,1650,24.79321,53.13557,EF v3.1 - acidification - accumulated exceedance (AE),mol H+-Eq,0.00014985017079224415,1.7983613112843837e-05,3.059117406589767e-08,1.2001229295817882e-05,-1.3144526230686095e-07,0.0001797341591126649
34992,1650,24.79321,53.13557,EF v3.1 - climate change - global warming potential (GWP100),kg CO2-Eq,0.021172448251407832,0.0042833185766846145,8.758627365578138e-06,0.0019671722820267462,-0.000203061753828695,0.027228635983656074
34992,1650,24.79321,53.13557,EF v3.1 - climate change: biogenic - global warming potential (GWP100),kg CO2-Eq,3.491966884254818e-05,5.903910019307452e-06,4.187028730817796e-09,7.465528427765745e-07,-2.3941052063664445e-08,4.155037768129936e-05
34992,1650,24.79321,53.13557,EF v3.1 - climate change: fossil - global warming potential (GWP100),kg CO2-Eq,0.021050593819295225,0.004273781503474827,8.750413998896521e-06,0.0019637289620630257,-0.00020302518654122725,0.027093829512290748
34992,1650,24.79321,53.13557,EF v3.1 - climate change: land use and land use change - global warming potential (GWP100),kg CO2-Eq,8.693476327005807e-05,3.6331631904793528e-06,4.026337950798096e-09,2.6967671209439474e-06,-1.2626235404114253e-08,9.325609368402805e-05
34992,1650,24.79321,53.13557,EF v3.1 - ecotoxicity: freshwater - comparative toxic unit for ecosystems (CTUe),CTUe,0.14979366137608474,0.025163963085636395,7.126066765714983e-05,0.01195853580772065,-0.0010414687970718777,0.18594595214002707
34992,1650,24.79321,53.13557,"EF v3.1 - ecotoxicity: freshwater, inorganics - comparative toxic unit for ecosystems (CTUe)",CTUe,0.13929919674001467,0.024220113273671334,6.023934373985992e-05,0.011323049292242817,-0.0010271470767219976,0.17387545157294668
34992,1650,24.79321,53.13557,"EF v3.1 - ecotoxicity: freshwater, organics - comparative toxic unit for ecosystems (CTUe)",CTUe,0.010494464636070093,0.0009438498119650577,1.1021323917289892e-05,0.0006354865154778355,-1.432172034987973e-05,0.012070500567080396
34992,1650,24.79321,53.13557,EF v3.1 - energy resources: non-renewable - abiotic depletion potential (ADP): fossil fuels,"MJ, net calorific value",0.2540746860320128,0.06791821541298587,0.00011581040835192068,0.026875166182473254,-0.00032383763399042,0.3486600404018334
34992,1650,24.79321,53.13557,EF v3.1 - eutrophication: freshwater - fraction of nutrients reaching freshwater end compartment (P),kg P-Eq,1.089432561275648e-05,1.1693149950831255e-06,1.1558245926791251e-09,1.6688463672342064e-07,-4.856512166225954e-09,1.222682455698948e-05
34992,1650,24.79321,53.13557,EF v3.1 - eutrophication: marine - fraction of nutrients reaching marine end compartment (N),kg N-Eq,2.8466006402667203e-05,4.296176910495193e-06,7.89233794365749e-09,5.092993157400894e-06,-7.801783625552615e-08,3.778505097225142e-05
34992,1650,24.79321,53.13557,EF v3.1 - eutrophication: terrestrial - accumulated exceedance (AE),mol N-Eq,0.0002652058267171482,4.547410970032091e-05,8.245519819369809e-08,5.4902742409270776e-05,-5.52459237122739e-07,0.00036511267478781087
34992,1650,24.79321,53.13557,EF v3.1 - human toxicity: carcinogenic - comparative toxic unit for human (CTUh),CTUh,1.7419862924413978e-10,1.1835919109924971e-11,7.864981805926043e-15,9.593370947657606e-13,-6.37750381276248e-12,1.8062424661787396e-10
34992,1650,24.79321,53.13557,"EF v3.1 - human toxicity: carcinogenic, inorganics - comparative toxic unit for human (CTUh)",CTUh,1.4392682917853477e-10,8.773627159360879e-12,3.639994585374668e-15,4.737996536794146e-13,-2.3851075105747542e-14,1.531540449110547e-10
34992,1650,24.79321,53.13557,"EF v3.1 - human toxicity: carcinogenic, organics - comparative toxic unit for human (CTUh)",CTUh,3.027180006560498e-11,3.0622919505640897e-12,4.224987220551374e-15,4.85537441086346e-13,-6.353652737656732e-12,2.7470201706819235e-11
34992,1650,24.79321,53.13557,EF v3.1 - human toxicity: non-carcinogenic - comparative toxic unit for human (CTUh),CTUh,1.135925994455983e-09,5.7386551308565137e-11,9.803106635761638e-14,1.3481824674590297e-11,-7.264292238673469e-13,1.2061659722816286e-09
34992,1650,24.79321,53.13557,"EF v3.1 - human toxicity: non-carcinogenic, inorganics - comparative toxic unit for human (CTUh)",CTUh,1.09126510564834e-09,5.459769796848776e-11,7.62668888464044e-14,1.2733060995064435e-11,-6.927952539631753e-13,1.1579793362467754e-09
34992,1650,24.79321,53.13557,"EF v3.1 - human toxicity: non-carcinogenic, organics - comparative toxic unit for human (CTUh)",CTUh,4.466088880764326e-11,2.788853340077372e-12,2.1764177511211988e-14,7.487636795258644e-13,-3.363396990417168e-14,4.8186636034853533e-11
34992,1650,24.79321,53.13557,EF v3.1 - ionising radiation: human health - human exposure efficiency relative to u235,kBq U235-Eq,0.0012528228721998694,0.0002591841890762956,1.847797902003757e-07,5.6994105665278065e-05,-4.195472758464774e-07,0.001568766399455797
34992,1650,24.79321,53.13557,EF v3.1 - land use - soil quality index,dimensionless,1.5184423651808046,0.07968897262556475,4.143439030893261e-05,0.022355820467453404,-0.0005183814559720024,1.6200102112081596
34992,1650,24.79321,53.13557,EF v3.1 - material resources: metals/minerals - abiotic depletion potential (ADP): elements (ultimate reserves),kg Sb-Eq,8.827005874562456e-07,4.5270887615218746e-08,8.724351662294489e-11,3.8990599873560935e-09,-4.4055247711142137e-11,9.319137233277322e-07
34992,1650,24.79321,53.13557,EF v3.1 - ozone depletion - ozone depletion potential (ODP),kg CFC-11-Eq,2.9660590051937157e-10,8.665194023755854e-11,1.9247390573400194e-13,4.0217065259941336e-11,-5.961475503929523e-13,4.230712323722125e-10
34992,1650,24.79321,53.13557,EF v3.1 - particulate matter formation - impact on human health,disease incidence,2.031800237111391e-09,2.9241782429323077e-10,4.749768136377702e-13,1.0795565830890144e-10,-2.783652507110613e-10,2.1542834458160998e-09
34992,1650,24.79321,53.13557,EF v3.1 - photochemical oxidant formation: human health - tropospheric ozone concentration increase,kg NMVOC-Eq,0.00011195662492458267,2.0716168366331615e-05,3.6664900378745123e-08,1.7167204561560874e-05,-1.976636599766794e-07,0.00014967899909287724
34992,1650,24.79321,53.13557,EF v3.1 - water use - user deprivation potential (deprivation-weighted water consumption),m3 world eq. deprived,0.010959731386158566,0.0018541741692671102,9.470018884058381e-07,0.00015641280847415617,-6.313965857347874e-06,0.01296495139993089
36049,3300,25.77332,53.58571,EF v3.1 - acidification - accumulated exceedance (AE),mol H+-Eq,0.00011876873405852777,1.1953331219350486e-05,9.26714888174594e-09,1.2739643333624762e-05,-9.493261185878587e-08,0.00014337604314852598
36049,3300,25.77332,53.58571,EF v3.1 - climate change - global warming potential (GWP100),kg CO2-Eq,0.017808029088584438,0.0032389414440277156,2.6532980925053957e-06,0.0020670643801265318,-0.0001414747279079197,0.022975213482923272
36049,3300,25.77332,53.58571,EF v3.1 - climate change: biogenic - global warming potential (GWP100),kg CO2-Eq,2.5861498464216726e-05,4.50850538616183e-06,1.2683991316270408e-09,7.871762481707989e-07,-1.8713112590522055e-08,3.1139735385090456e-05
36049,3300,25.77332,53.58571,EF v3.1 - climate change: fossil - global warming potential (GWP100),kg CO2-Eq,0.017726948125057977,0.0032318011688648018,2.650809973164342e-06,0.002063412078926669,-0.0001414468646979191,0.022883365318124693
36049,3300,25.77332,53.58571,EF v3.1 - climate change: land use and land use change - global warming potential (GWP100),kg CO2-Eq,5.521946506224288e-05,2.631769776751949e-06,1.2197202094268465e-09,2.8651249516921503e-06,-9.150097410111034e-09,6.07084294134863e-05
36049,3300,25.77332,53.58571,EF v3.1 - ecotoxicity: freshwater - comparative toxic unit for ecosystems (CTUe),CTUe,0.11936731636444863,0.014083542467559697,2.1587377299376192e-05,0.01252453531813294,-0.0008231559224019907,0.14517382560503864
36049,3300,25.77332,53.58571,"EF v3.1 - ecotoxicity: freshwater, inorganics - comparative toxic unit for ecosystems (CTUe)",CTUe,0.11119666684587096,0.013565116844736635,1.8248628371484205e-05,0.011855327501704548,-0.0008122789503743255,0.1358230808703093
36049,3300,25.77332,53.58571,"EF v3.1 - ecotoxicity: freshwater, organics - comparative toxic unit for ecosystems (CTUe)",CTUe,0.008170649518577655,0.0005184256228230653,3.3387489278919804e-06,0.0006692078164283916,-1.0876972027665115e-05,0.00935074473472934
36049,3300,25.77332,53.58571,EF v3.1 - energy resources: non-renewable - abiotic depletion potential (ADP): fossil fuels,"MJ, net calorific value",0.2041303299623973,0.04798335917869327,3.508306984037781e-05,0.02818231542395295,-0.00022868897486998484,0.2801023986600139
36049,3300,25.77332,53.58571,EF v3.1 - eutrophication: freshwater - fraction of nutrients reaching freshwater end compartment (P),kg P-Eq,8.820368597754307e-06,9.075877980799419e-07,3.5014015998429446e-10,1.7575327566313986e-07,-2.4927023878601404e-09,9.901567109269513e-06
36049,3300,25.77332,53.58571,EF v3.1 - eutrophication: marine - fraction of nutrients reaching marine end compartment (N),kg N-Eq,2.288042355799462e-05,2.5659878316643314e-06,2.3908683789440016e-09,5.4195962970898475e-06,-5.966538897399197e-08,3.080873316615375e-05
36049,3300,25.77332,53.58571,EF v3.1 - eutrophication: terrestrial - accumulated exceedance (AE),mol N-Eq,0.00021186360654915114,2.69911310541123e-05,2.4978596639960194e-08,5.8437186210741464e-05,-4.003092995347401e-07,0.0002969165931111101
36049,3300,25.77332,53.58571,EF v3.1 - human toxicity: carcinogenic - comparative toxic unit for human (CTUh),CTUh,1.334641481586954e-10,9.157543355972675e-12,2.3825812370173543e-15,1.008842594811307e-12,-5.365863559531671e-12,1.3826705313118472e-10
36049,3300,25.77332,53.58571,"EF v3.1 - human toxicity: carcinogenic, inorganics - comparative toxic unit for human (CTUh)",CTUh,1.0613006738621804e-10,6.478298405696925e-12,1.1026831359513002e-15,4.979619291989517e-13,-1.846852265883916e-14,1.1308896188159102e-10
36049,3300,25.77332,53.58571,"EF v3.1 - human toxicity: carcinogenic, organics - comparative toxic unit for human (CTUh)",CTUh,2.733408077247735e-11,2.6792449502757495e-12,1.2798981010660541e-15,5.108806656123551e-13,-5.347395036872831e-12,2.517809124959369e-11
36049,3300,25.77332,53.58571,EF v3.1 - human toxicity: non-carcinogenic - comparative toxic unit for human (CTUh),CTUh,8.809423592518483e-10,4.146445099136084e-11,2.9697078151213754e-14,1.4022353891518595e-11,-5.684376353249472e-13,9.35890423577554e-10
36049,3300,25.77332,53.58571,"EF v3.1 - human toxicity: non-carcinogenic, inorganics - comparative toxic unit for human (CTUh)",CTUh,8.462944119257235e-10,3.9540429871205564e-11,2.3103938808124937e-14,1.3241682456686055e-11,-5.418149055977487e-13,8.985578132868254e-10
36049,3300,25.77332,53.58571,"EF v3.1 - human toxicity: non-carcinogenic, organics - comparative toxic unit for human (CTUh)",CTUh,3.464794732612496e-11,1.924021120155276e-12,6.5931393430888186e-15,7.806714348325385e-13,-2.662272972719837e-14,3.733261029072866e-11
36049,3300,25.77332,53.58571,EF v3.1 - ionising radiation: human health - human exposure efficiency relative to u235,kBq U235-Eq,0.0009497055811802354,0.00019709561686639647,5.5976335606994056e-08,6.023826351197454e-05,-2.9406250391602103e-07,0.0012068013753902974
36049,3300,25.77332,53.58571,EF v3.1 - land use - soil quality index,dimensionless,0.855271784623879,0.017935082046119915,1.2551942693997484e-05,0.02334775947119435,-0.00036677600124943326,0.8962004020826378
36049,3300,25.77332,53.58571,EF v3.1 - material resources: metals/minerals - abiotic depletion potential (ADP): elements (ultimate reserves),kg Sb-Eq,6.747047850278557e-07,3.065440590219471e-08,2.6429147693720014e-11,4.065738090167016e-09,-3.134568002386803e-11,7.094200124878873e-07
36049,3300,25.77332,53.58571,EF v3.1 - ozone depletion - ozone depletion potential (ODP),kg CFC-11-Eq,2.4996850356605405e-10,6.335508836658262e-11,5.830715540521012e-14,4.217981071057802e-11,-4.3202283158333e-13,3.5512968696703657e-10
36049,3300,25.77332,53.58571,EF v3.1 - particulate matter formation - impact on human health,disease incidence,1.568195328429714e-09,1.412940609322004e-10,1.4388728062141958e-13,1.1187079746992339e-10,-2.3401472107824506e-10,1.5874893530342142e-09
36049,3300,25.77332,53.58571,EF v3.1 - photochemical oxidant formation: human health - tropospheric ozone concentration increase,kg NMVOC-Eq,8.743558238551222e-05,1.2089112146587417e-05,1.110709545871899e-08,1.820566401473492e-05,-1.4535218913793364e-07,0.00011759611345315533
36049,3300,25.77332,53.58571,EF v3.1 - water use - user deprivation potential (deprivation-weighted water consumption),m3 world eq. deprived,0.008680775768291075,0.0015382850681285294,2.868803751123349e-07,0.00016439212560441548,-4.644906880086153e-06,0.010379094935519046
36050,1500,25.77742,53.60888,EF v3.1 - acidification - accumulated exceedance (AE),mol H+-Eq,9.749842252467835e-05,1.023164502036678e-05,1.678822021884108e-08,1.0254679009650837e-05,-8.136169249806902e-08,0.00011792017308241674
36050,1500,25.77742,53.60888,EF v3.1 - climate change - global warming potential (GWP100),kg CO2-Eq,0.014885216056722854,0.0027357147312088753,4.80667282371527e-06,0.0016624447704550742,-0.00012659435444312925,0.01916158787676739
36050,1500,25.77742,53.60888,EF v3.1 - climate change: biogenic - global warming potential (GWP100),kg CO2-Eq,2.1615410064694415e-05,3.7417542514510286e-06,2.2978117885950824e-09,6.332741379914185e-07,-1.5259599492565723e-08,2.5977476666432893e-05
36050,1500,25.77742,53.60888,EF v3.1 - climate change: fossil - global warming potential (GWP100),kg CO2-Eq,0.014818064479965951,0.0027297356799913203,4.802165386102969e-06,0.001659505072203187,-0.00012657132603011536,0.019085536071516446
36050,1500,25.77742,53.60888,EF v3.1 - climate change: land use and land use change - global warming potential (GWP100),kg CO2-Eq,4.553616669221199e-05,2.237296966103928e-06,2.2096258237054444e-09,2.306424113895794e-06,-7.768813521329913e-09,5.0074328584514085e-05
36050,1500,25.77742,53.60888,EF v3.1 - ecotoxicity: freshwater - comparative toxic unit for ecosystems (CTUe),CTUe,0.09680971750950143,0.012794770798886475,3.9107350995839324e-05,0.010070103073322538,-0.000663842773907461,0.11904985595879883
36050,1500,25.77742,53.60888,"EF v3.1 - ecotoxicity: freshwater, inorganics - comparative toxic unit for ecosystems (CTUe)",CTUe,0.09006150487125,0.012330733526017426,3.3058926289155426e-05,0.009531791329979047,-0.0006547555787415025,0.11130233307479413
36050,1500,25.77742,53.60888,"EF v3.1 - ecotoxicity: freshwater, organics - comparative toxic unit for ecosystems (CTUe)",CTUe,0.006748212638251439,0.00046403727286904685,6.04842470668389e-06,0.0005383117433434888,-9.087195165958623e-06,0.0077475228840047
36050,1500,25.77742,53.60888,EF v3.1 - energy resources: non-renewable - abiotic depletion potential (ADP): fossil fuels,"MJ, net calorific value",0.172975410778489,0.04100256373192688,6.355593397160138e-05,0.022661826312307152,-0.00019808952692455204,0.23650526722977008
36050,1500,25.77742,53.60888,EF v3.1 - eutrophication: freshwater - fraction of nutrients reaching freshwater end compartment (P),kg P-Eq,7.132753438362418e-06,7.568738547296204e-07,6.343083712462294e-10,1.4137708081929204e-07,-2.6786727535027437e-09,8.028960009529074e-06
36050,1500,25.77742,53.60888,EF v3.1 - eutrophication: marine - fraction of nutrients reaching marine end compartment (N),kg N-Eq,1.915016033334902e-05,2.256445743226496e-06,4.331259308786822e-09,4.36335387573997e-06,-4.9656920444792625e-08,2.572463429117948e-05
36050,1500,25.77742,53.60888,EF v3.1 - eutrophication: terrestrial - accumulated exceedance (AE),mol N-Eq,0.00017505166345567203,2.375965959643544e-05,4.525083027157004e-08,4.704909244978254e-05,-3.4303030885098264e-07,0.00024556263602331063
36050,1500,25.77742,53.60888,EF v3.1 - human toxicity: carcinogenic - comparative toxic unit for human (CTUh),CTUh,1.1115229463214793e-10,7.661469979921e-12,4.316246453654712e-15,8.114194438946983e-13,-4.246308445039336e-12,1.1538319185737795e-10
36050,1500,25.77742,53.60888,"EF v3.1 - human toxicity: carcinogenic, inorganics - comparative toxic unit for human (CTUh)",CTUh,8.883277411248855e-11,5.4523565249844205e-12,1.9976033140480864e-15,4.0049486635101525e-13,-1.5302759873956755e-14,9.467232034726409e-11
36050,1500,25.77742,53.60888,"EF v3.1 - human toxicity: carcinogenic, organics - comparative toxic unit for human (CTUh)",CTUh,2.2319520519659393e-11,2.2091134549365804e-12,2.3186431396066254e-15,4.1092457754368317e-13,-4.231005685165382e-12,2.071087151011388e-11
36050,1500,25.77742,53.60888,EF v3.1 - human toxicity: non-carcinogenic - comparative toxic unit for human (CTUh),CTUh,7.102961504622122e-10,3.447646928787545e-11,5.379875668564646e-14,1.126773911936493e-11,-4.679664316935533e-13,7.556261911944447e-10
36050,1500,25.77742,53.60888,"EF v3.1 - human toxicity: non-carcinogenic, inorganics - comparative toxic unit for human (CTUh)",CTUh,6.827264708228062e-10,3.288277426249308e-11,4.185472981851505e-14,1.0640296681912612e-11,-4.463382077733695e-13,7.258450582892571e-10
36050,1500,25.77742,53.60888,"EF v3.1 - human toxicity: non-carcinogenic, organics - comparative toxic unit for human (CTUh)",CTUh,2.756967963940602e-11,1.5936950253823728e-12,1.1944026867131411e-14,6.274424374523196e-13,-2.1628223920183763e-14,2.978113290518766e-11
36050,1500,25.77742,53.60888,EF v3.1 - ionising radiation: human health - human exposure efficiency relative to u235,kBq U235-Eq,0.000787801459454129,0.00016604360436467064,1.0140584350220594e-07,4.84706604905204e-05,-2.5066552090786623e-07,0.0010021664646319144
36050,1500,25.77742,53.60888,EF v3.1 - land use - soil quality index,dimensionless,0.7258247470705683,0.020841802780846966,2.2738900692119065e-05,0.018767787614893842,-0.00031887464519912126,0.7651382017218021
36050,1500,25.77742,53.60888,EF v3.1 - material resources: metals/minerals - abiotic depletion potential (ADP): elements (ultimate reserves),kg Sb-Eq,5.367247343138661e-07,2.6589303227669828e-08,4.7878625598907425e-11,3.2677571202212773e-09,-2.693266446237438e-11,5.666027406228937e-07
36050,1500,25.77742,53.60888,EF v3.1 - ozone depletion - ozone depletion potential (ODP),kg CFC-11-Eq,2.0537271160179846e-10,5.3969464452434465e-11,1.0562831975269151e-13,3.391787886175824e-11,-3.7119767312798854e-13,2.9299448556261585e-10
36050,1500,25.77742,53.60888,EF v3.1 - particulate matter formation - impact on human health,disease incidence,1.305400747493182e-09,1.2979721098532647e-10,2.606639198945807e-13,8.986601387843837e-11,-1.8527113011105206e-10,1.3400535061657894e-09
36050,1500,25.77742,53.60888,EF v3.1 - photochemical oxidant formation: human health - tropospheric ozone concentration increase,kg NMVOC-Eq,7.238954791546083e-05,1.0675882615021932e-05,2.012143831205324e-08,1.4653312358864926e-05,-1.234317497141712e-07,9.761543257794557e-05
36050,1500,25.77742,53.60888,EF v3.1 - water use - user deprivation potential (deprivation-weighted water consumption),m3 world eq. deprived,0.007457043531998841,0.0012785465534586394,5.197079463497554e-07,0.00013221552086068743,-3.983951346881313e-06,0.008864341362917636
36051,225,26.77693,54.79336,EF v3.1 - acidification - accumulated exceedance (AE),mol H+-Eq,0.0001152209025533743,1.033266669085531e-05,2.6001421205964913e-08,1.0222776601449541e-05,-1.0662227608847669e-07,0.00013569572499079664
36051,225,26.77693,54.79336,EF v3.1 - climate change - global warming potential (GWP100),kg CO2-Eq,0.016973918115572844,0.0027931237716696928,7.444524974030456e-06,0.0015961434106890717,-0.00017908603630536755,0.02119154378660027
36051,225,26.77693,54.79336,EF v3.1 - climate change: biogenic - global warming potential (GWP100),kg CO2-Eq,2.550376634477743e-05,4.133523125807929e-06,3.5588270458973485e-09,6.159507310843038e-07,-2.004037754155793e-08,3.0236758651174003e-05
36051,225,26.77693,54.79336,EF v3.1 - climate change: fossil - global warming potential (GWP100),kg CO2-Eq,0.016895815092505977,0.002786659810951605,7.4375439014456734e-06,0.001593221184184163,-0.00017905598878089344,0.021104077642762297
36051,225,26.77693,54.79336,EF v3.1 - climate change: land use and land use change - global warming potential (GWP100),kg CO2-Eq,5.2599256722089566e-05,2.330437592279352e-06,3.422245538884676e-09,2.3062757738244747e-06,-1.0007146932484791e-08,5.722938518679979e-05
36051,225,26.77693,54.79336,EF v3.1 - ecotoxicity: freshwater - comparative toxic unit for ecosystems (CTUe),CTUe,0.11028103001559729,0.016397057336182685,6.056905927116342e-05,0.00954791221496731,-0.0008907834201647095,0.13539578520585374
36051,225,26.77693,54.79336,"EF v3.1 - ecotoxicity: freshwater, inorganics - comparative toxic unit for ecosystems (CTUe)",CTUe,0.10259421507547078,0.0159807025660908,5.120132187071198e-05,0.00902682617702847,-0.000878976042249463,0.12677396909821131
36051,225,26.77693,54.79336,"EF v3.1 - ecotoxicity: freshwater, organics - comparative toxic unit for ecosystems (CTUe)",CTUe,0.007686814940126507,0.0004163547700918876,9.367737400451437e-06,0.0005210860379388432,-1.1807377915246815e-05,0.008621816107642443
36051,225,26.77693,54.79336,EF v3.1 - energy resources: non-renewable - abiotic depletion potential (ADP): fossil fuels,"MJ, net calorific value",0.21342173773741163,0.040801961873259004,9.843477079717388e-05,0.02158977881164592,-0.0002568400464397604,0.275655073146674
36051,225,26.77693,54.79336,EF v3.1 - eutrophication: freshwater - fraction of nutrients reaching freshwater end compartment (P),kg P-Eq,7.97974530098409e-06,8.13312684590752e-07,9.824102209913297e-10,1.3689132705418086e-07,-3.6731682233273803e-09,8.927258554626686e-06
36051,225,26.77693,54.79336,EF v3.1 - eutrophication: marine - fraction of nutrients reaching marine end compartment (N),kg N-Eq,2.283360391220406e-05,2.1167465439120634e-06,6.7082094571068754e-09,4.388058050366613e-06,-6.527020956256247e-08,2.927984650637728e-05
36051,225,26.77693,54.79336,EF v3.1 - eutrophication: terrestrial - accumulated exceedance (AE),mol N-Eq,0.0001978607163247499,2.2375873830001523e-05,7.008401620144712e-08,4.735481380310634e-05,-4.492779310898802e-07,0.0002672122100429693
36051,225,26.77693,54.79336,EF v3.1 - human toxicity: carcinogenic - comparative toxic unit for human (CTUh),CTUh,1.1651913956441602e-10,8.081846603308552e-12,6.684957702918182e-15,7.813701567473276e-13,-5.53888083590539e-12,1.1985016044626941e-10
36051,225,26.77693,54.79336,"EF v3.1 - human toxicity: carcinogenic, inorganics - comparative toxic unit for human (CTUh)",CTUh,9.341296752635377e-11,5.8648363533143526e-12,3.093867276812576e-15,3.848233229016372e-13,-2.0165910956870717e-14,9.96455551588897e-11
36051,225,26.77693,54.79336,"EF v3.1 - human toxicity: carcinogenic, organics - comparative toxic unit for human (CTUh)",CTUh,2.310617203806224e-11,2.217010249994201e-12,3.5910904261056056e-15,3.965468338456904e-13,-5.51871492494852e-12,2.0204605287379716e-11
36051,225,26.77693,54.79336,EF v3.1 - human toxicity: non-carcinogenic - comparative toxic unit for human (CTUh),CTUh,8.191271771798386e-10,4.2809387438830036e-11,8.332295590040092e-14,1.0397223602531524e-11,-6.17970040679433e-13,8.717991411364212e-10
36051,225,26.77693,54.79336,"EF v3.1 - human toxicity: non-carcinogenic, inorganics - comparative toxic unit for human (CTUh)",CTUh,7.86184556235132e-10,4.1081239162373344e-11,6.48241710727449e-14,9.812676972185907e-12,-5.900676741269257e-13,8.365532288666371e-10
36051,225,26.77693,54.79336,"EF v3.1 - human toxicity: non-carcinogenic, organics - comparative toxic unit for human (CTUh)",CTUh,3.2942620944706503e-11,1.7281482764567037e-12,1.8498784827656013e-14,5.845466303456153e-13,-2.790236655250733e-14,3.524591226978397e-11
36051,225,26.77693,54.79336,EF v3.1 - ionising radiation: human health - human exposure efficiency relative to u235,kBq U235-Eq,0.0008729799251504706,0.00017447725442862127,1.5705631777976727e-07,4.756071902228365e-05,-3.193102191637058e-07,0.0010948556446999916
36051,225,26.77693,54.79336,EF v3.1 - land use - soil quality index,dimensionless,0.8137336499987292,0.007326617308659945,3.5217773352344645e-05,0.017600472584571192,-0.0004179094510448209,0.8382780482142679
36051,225,26.77693,54.79336,EF v3.1 - material resources: metals/minerals - abiotic depletion potential (ADP): elements (ultimate reserves),kg Sb-Eq,6.354642058695835e-07,4.56105054874832e-08,7.415391832677688e-11,3.0458975903657208e-09,-3.4811785516806495e-11,6.841599510802423e-07
36051,225,26.77693,54.79336,EF v3.1 - ozone depletion - ozone depletion potential (ODP),kg CFC-11-Eq,2.3175781929576812e-10,5.514264445873269e-11,1.6359604516539223e-13,3.233290530140129e-11,-4.900645967615395e-13,3.1890690050430594e-10
36051,225,26.77693,54.79336,EF v3.1 - particulate matter formation - impact on human health,disease incidence,1.5071200741340772e-09,1.062742679466449e-10,4.037135733286659e-13,8.170206323289619e-11,-2.415791496625029e-10,1.453920969224444e-09
36051,225,26.77693,54.79336,EF v3.1 - photochemical oxidant formation: human health - tropospheric ozone concentration increase,kg NMVOC-Eq,8.202013475088737e-05,9.72867005071954e-06,3.116387478848859e-08,1.455624288701218e-05,-1.6109673435743312e-07,0.00010617511482905015
36051,225,26.77693,54.79336,EF v3.1 - water use - user deprivation potential (deprivation-weighted water consumption),m3 world eq. deprived,0.009983224784382327,0.001334317226464663,8.049182725135732e-07,0.00012704993820852268,-5.4967086977642735e-06,0.011439900158630263
36052,2500,30.75518,55.16054,EF v3.1 - acidification - accumulated exceedance (AE),mol H+-Eq,0.0001568408868100909,1.5481654358246106e-05,1.54485189088692e-08,1.911767519977073e-05,-1.2028152915250924e-07,0.0001913353833578641
36052,2500,30.75518,55.16054,EF v3.1 - climate change - global warming potential (GWP100),kg CO2-Eq,0.024812149478239003,0.004413175062034164,4.423099949724099e-06,0.0031999376905367987,-0.00017196941526254972,0.03225771591549714
36052,2500,30.75518,55.16054,EF v3.1 - climate change: biogenic - global warming potential (GWP100),kg CO2-Eq,3.467789675340877e-05,5.978611857559327e-06,2.1144462249366523e-09,1.2058876197895057e-06,-2.2326473823776883e-08,4.184218420315876e-05
36052,2500,30.75518,55.16054,EF v3.1 - climate change: fossil - global warming potential (GWP100),kg CO2-Eq,0.02470675254386016,0.004403656503045283,4.4189522059920955e-06,0.0031944435353772776,-0.00017193554444287274,0.03213733599004584
36052,2500,30.75518,55.16054,EF v3.1 - climate change: land use and land use change - global warming potential (GWP100),kg CO2-Eq,7.071903762543152e-05,3.539947131321305e-06,2.033297507065682e-09,4.288267539732052e-06,-1.1544345853225701e-08,7.853774124813873e-05
36052,2500,30.75518,55.16054,EF v3.1 - ecotoxicity: freshwater - comparative toxic unit for ecosystems (CTUe),CTUe,0.15666546961166522,0.017553364961790312,3.598658127303945e-05,0.01958187536327345,-0.0009706049227831008,0.19286609159521892
36052,2500,30.75518,55.16054,"EF v3.1 - ecotoxicity: freshwater, inorganics - comparative toxic unit for ecosystems (CTUe)",CTUe,0.1455142435433128,0.01691144538028464,3.042082133946335e-05,0.018552699400411814,-0.000957125888170855,0.18005168325717785
36052,2500,30.75518,55.16054,"EF v3.1 - ecotoxicity: freshwater, organics - comparative toxic unit for ecosystems (CTUe)",CTUe,0.011151226068352452,0.0006419195815056713,5.565759933576092e-06,0.00102917596286164,-1.3479034612245777e-05,0.012814408338041094
36052,2500,30.75518,55.16054,EF v3.1 - energy resources: non-renewable - abiotic depletion potential (ADP): fossil fuels,"MJ, net calorific value",0.2816656672221836,0.06429083529051496,5.8484165380986694e-05,0.04389741619647799,-0.00029701063645424754,0.3896153922381033
36052,2500,30.75518,55.16054,EF v3.1 - eutrophication: freshwater - fraction of nutrients reaching freshwater end compartment (P),kg P-Eq,1.1650019839402218e-05,1.2244373473662777e-06,5.836905127235609e-10,2.702300221280738e-07,-3.4683756006289482e-09,1.3141802523808663e-05
36052,2500,30.75518,55.16054,EF v3.1 - eutrophication: marine - fraction of nutrients reaching marine end compartment (N),kg N-Eq,3.137689129603671e-05,3.262455214572167e-06,3.9856244711345584e-09,8.071515009417475e-06,-7.295261296052419e-08,4.2641894531536965e-05
36052,2500,30.75518,55.16054,EF v3.1 - eutrophication: terrestrial - accumulated exceedance (AE),mol N-Eq,0.0002872685767120687,3.421403513439028e-05,4.163981041348515e-08,8.696860076321044e-05,-5.063556172471654e-07,0.00040798649680283573
36052,2500,30.75518,55.16054,EF v3.1 - human toxicity: carcinogenic - comparative toxic unit for human (CTUh),CTUh,1.7940879257991436e-10,1.2433527207169139e-11,3.971809643037162e-15,1.5580448483463475e-12,-6.1873387448467385e-12,1.8721699770022614e-10
36052,2500,30.75518,55.16054,"EF v3.1 - human toxicity: carcinogenic, inorganics - comparative toxic unit for human (CTUh)",CTUh,1.4068294439611205e-10,8.651136740145328e-12,1.8381944105580698e-15,7.703923956563947e-13,-2.1989361538742708e-14,1.5008432236478558e-10
36052,2500,30.75518,55.16054,"EF v3.1 - human toxicity: carcinogenic, organics - comparative toxic unit for human (CTUh)",CTUh,3.8725848183802316e-11,3.78239046702381e-12,2.1336152324790926e-15,7.876524526899527e-13,-6.165349383307996e-12,3.713267533544056e-11
36052,2500,30.75518,55.16054,EF v3.1 - human toxicity: non-carcinogenic - comparative toxic unit for human (CTUh),CTUh,1.1181146416416236e-09,5.269057761359527e-11,4.9505611619218794e-14,2.238206425753151e-11,-6.733711774143192e-13,1.1925634179469553e-09
36052,2500,30.75518,55.16054,"EF v3.1 - human toxicity: non-carcinogenic, inorganics - comparative toxic unit for human (CTUh)",CTUh,1.0749626975896896e-09,5.029905403499213e-11,3.8514719046947126e-14,2.114490869626438e-11,-6.416582693644981e-13,1.1458035167706284e-09
36052,2500,30.75518,55.16054,"EF v3.1 - human toxicity: non-carcinogenic, organics - comparative toxic unit for human (CTUh)",CTUh,4.31519440519338e-11,2.3915235786031385e-12,1.0990892572271663e-14,1.2371555612671301e-12,-3.171290804982114e-14,4.675990117632652e-11
36052,2500,30.75518,55.16054,EF v3.1 - ionising radiation: human health - human exposure efficiency relative to u235,kBq U235-Eq,0.0012792611392641012,0.0002679710875454431,9.33136491178219e-08,9.161336075432883e-05,-3.7087647083911213e-07,0.0016385680247421519
36052,2500,30.75518,55.16054,EF v3.1 - land use - soil quality index,dimensionless,1.0600916493395585,0.01049464540025095,2.0924334606646588e-05,0.036814632175935766,-0.00048178897977377294,1.106940062270578
36052,2500,30.75518,55.16054,EF v3.1 - material resources: metals/minerals - abiotic depletion potential (ADP): elements (ultimate reserves),kg Sb-Eq,8.32038545131148e-07,3.85544928032339e-08,4.405790746450251e-11,6.440635842205517e-09,-3.914960242140879e-11,8.770385820816305e-07
36052,2500,30.75518,55.16054,EF v3.1 - ozone depletion - ozone depletion potential (ODP),kg CFC-11-Eq,3.3886497881346474e-10,8.587016815890846e-11,9.719917142736785e-14,6.566891113081483e-11,-5.416442465672199e-13,4.899596130280481e-10
36052,2500,30.75518,55.16054,EF v3.1 - particulate matter formation - impact on human health,disease incidence,2.1292169707773688e-09,1.6574536966954675e-10,2.398629183355673e-13,1.8051932476114297e-10,-2.700464826406581e-10,2.205675045485736e-09
36052,2500,30.75518,55.16054,EF v3.1 - photochemical oxidant formation: human health - tropospheric ozone concentration increase,kg NMVOC-Eq,0.00011860755079906127,1.5258616046892219e-05,1.8515745932885907e-08,2.740277141843106e-05,-1.8270808546082935e-07,0.0001611047459248566
36052,2500,30.75518,55.16054,EF v3.1 - water use - user deprivation potential (deprivation-weighted water consumption),m3 world eq. deprived,0.012023139153793504,0.002139521943467531,4.782352108571527e-07,0.00025431664267245387,-5.593702604996316e-06,0.01441186227253935
