turbine_idx,P_rated_kW,Longitude,Latitude,Method,Unit,Input,Assembly,Transport,Disposal,Total
35679,5000,5.02958,59.14031,EF v3.1 - acidification - accumulated exceedance (AE),mol H+-Eq,6.857825997351389e-05,6.573268366187011e-06,1.4785614046886412e-05,-5.2750235917401716e-08,8.988439215066991e-05
35679,5000,5.02958,59.14031,EF v3.1 - climate change - global warming potential (GWP100),kg CO2-Eq,0.01198513844956391,0.0013310053603960877,0.0021213100327227316,-3.0234752269487262e-05,0.015407219090413241
35679,5000,5.02958,59.14031,EF v3.1 - climate change: biogenic - global warming potential (GWP100),kg CO2-Eq,1.8155545147771385e-05,3.5002560291073104e-06,8.438430107451117e-07,-5.066489436895843e-09,2.249457769818691e-05
35679,5000,5.02958,59.14031,EF v3.1 - climate change: fossil - global warming potential (GWP100),kg CO2-Eq,0.011926488104496326,0.001325615959550777,0.0021171090045031893,-3.0224805316144588e-05,0.015338988263234148
35679,5000,5.02958,59.14031,EF v3.1 - climate change: land use and land use change - global warming potential (GWP100),kg CO2-Eq,4.049479991981246e-05,1.8891448162033254e-06,3.3571852087969398e-06,-4.880463905787821e-09,4.573624948090694e-05
35679,5000,5.02958,59.14031,EF v3.1 - ecotoxicity: freshwater - comparative toxic unit for ecosystems (CTUe),CTUe,0.06686139013530132,0.008671600791174397,0.012305881938895914,-0.00019941639303608683,0.08763945647233554
35679,5000,5.02958,59.14031,"EF v3.1 - ecotoxicity: freshwater, inorganics - comparative toxic unit for ecosystems (CTUe)",CTUe,0.06083614669644595,0.008350261283361131,0.011599851253437427,-0.00019480800930630639,0.0805914512239382
35679,5000,5.02958,59.14031,"EF v3.1 - ecotoxicity: freshwater, organics - comparative toxic unit for ecosystems (CTUe)",CTUe,0.006025243438855381,0.00032133950781326656,0.0007060306854584905,-4.608383729780501e-06,0.007048005248397358
35679,5000,5.02958,59.14031,EF v3.1 - energy resources: non-renewable - abiotic depletion potential (ADP): fossil fuels,"MJ, net calorific value",0.14976498670411886,0.01735515223624995,0.02815815345478418,-0.0001598691623553784,0.19511842323279763
35679,5000,5.02958,59.14031,EF v3.1 - eutrophication: freshwater - fraction of nutrients reaching freshwater end compartment (P),kg P-Eq,5.006525881784204e-06,5.655749302358778e-07,1.8559764592936654e-07,-1.3277804450672419e-09,5.756370677504381e-06
35679,5000,5.02958,59.14031,EF v3.1 - eutrophication: marine - fraction of nutrients reaching marine end compartment (N),kg N-Eq,1.584507687107673e-05,1.3803895903452954e-06,6.463883320723455e-06,-2.2258617827608177e-08,2.366709116431787e-05
35679,5000,5.02958,59.14031,EF v3.1 - eutrophication: terrestrial - accumulated exceedance (AE),mol N-Eq,0.00013710216974940185,1.4366072271879378e-05,6.987605868654348e-05,-2.1662747199091855e-07,0.00022112767323583378
35679,5000,5.02958,59.14031,EF v3.1 - human toxicity: carcinogenic - comparative toxic unit for human (CTUh),CTUh,1.0219248208377173e-10,6.917073804086393e-12,1.0458105996946115e-12,-5.182950538544908e-13,1.0963707143369824e-10
35679,5000,5.02958,59.14031,"EF v3.1 - human toxicity: carcinogenic, inorganics - comparative toxic unit for human (CTUh)",CTUh,8.111093133890565e-11,4.9232362001615245e-12,5.123958757542121e-13,-3.657863925971477e-15,8.654290555089541e-11
35679,5000,5.02958,59.14031,"EF v3.1 - human toxicity: carcinogenic, organics - comparative toxic unit for human (CTUh)",CTUh,2.1081550744866092e-11,1.9938376039248688e-12,5.334147239403993e-13,-5.146371899285193e-13,2.309416588280284e-11
35679,5000,5.02958,59.14031,EF v3.1 - human toxicity: non-carcinogenic - comparative toxic unit for human (CTUh),CTUh,4.0710476373910724e-10,1.8419384188629694e-11,1.2478673519619136e-11,-1.0667437482114112e-13,4.3789614707253494e-10
35679,5000,5.02958,59.14031,"EF v3.1 - human toxicity: non-carcinogenic, inorganics - comparative toxic unit for human (CTUh)",CTUh,3.9373614161246907e-10,1.77322086680159e-11,1.1758642457977506e-11,-9.974299859986892e-14,4.231272497398626e-10
35679,5000,5.02958,59.14031,"EF v3.1 - human toxicity: non-carcinogenic, organics - comparative toxic unit for human (CTUh)",CTUh,1.3368622126638108e-11,6.871755206137971e-13,7.200310616416297e-13,-6.931376221272187e-15,1.4768897332672262e-11
35679,5000,5.02958,59.14031,EF v3.1 - ionising radiation: human health - human exposure efficiency relative to u235,kBq U235-Eq,0.0006203050048616517,0.00016149647457260332,6.646350260756945e-05,-1.7755316127998854e-07,0.0008480874288805444
35679,5000,5.02958,59.14031,EF v3.1 - land use - soil quality index,dimensionless,0.6065682157609588,0.004341642137172365,0.02205931836389304,-0.00027670684861152127,0.6326924694134126
35679,5000,5.02958,59.14031,EF v3.1 - material resources: metals/minerals - abiotic depletion potential (ADP): elements (ultimate reserves),kg Sb-Eq,2.538332794579344e-07,1.1810053822359476e-08,3.756928579312731e-09,-1.506037431964183e-11,2.69385201485287e-07
35679,5000,5.02958,59.14031,EF v3.1 - ozone depletion - ozone depletion potential (ODP),kg CFC-11-Eq,1.5936429241514717e-10,1.9620569767997744e-11,4.2232404610560464e-11,-2.1195625055564817e-13,2.2100531054314973e-10
35679,5000,5.02958,59.14031,EF v3.1 - particulate matter formation - impact on human health,disease incidence,1.1458625849299958e-09,8.503710426831787e-11,9.401695597243694e-11,-2.3226831514780868e-11,1.3016898136559696e-09
35679,5000,5.02958,59.14031,EF v3.1 - photochemical oxidant formation: human health - tropospheric ozone concentration increase,kg NMVOC-Eq,5.976457550828854e-05,5.726024035638393e-06,2.0895574770296498e-05,-7.495968001729024e-08,8.631121463420614e-05
35679,5000,5.02958,59.14031,EF v3.1 - water use - user deprivation potential (deprivation-weighted water consumption),m3 world eq. deprived,0.006567157592169064,0.0030406126478521155,0.00016919383526166847,-1.275742552335798e-06,0.009775688332730513
35680,5000,4.90525,59.31304,EF v3.1 - acidification - accumulated exceedance (AE),mol H+-Eq,0.00013608869533275955,1.906434072917435e-05,1.4802710614394532e-05,-5.257261190483388e-08,0.0001699031740644236
35680,5000,4.90525,59.31304,EF v3.1 - climate change - global warming potential (GWP100),kg CO2-Eq,0.026960908294731276,0.004137823809910785,0.0021282218658159584,-2.9595675262464594e-05,0.03319735829519555
35680,5000,4.90525,59.31304,EF v3.1 - climate change: biogenic - global warming potential (GWP100),kg CO2-Eq,3.122089272195247e-05,8.357411965049239e-06,8.459386589689807e-07,-4.99172637241554e-09,4.041925161959827e-05
35680,5000,4.90525,59.31304,EF v3.1 - climate change: fossil - global warming potential (GWP100),kg CO2-Eq,0.026879259043205407,0.004124526131258077,0.0021240153726117426,-2.9585820885969536e-05,0.033098214726189255
35680,5000,4.90525,59.31304,EF v3.1 - climate change: land use and land use change - global warming potential (GWP100),kg CO2-Eq,5.042835880391777e-05,4.940266687657473e-06,3.3605545452464356e-06,-4.862650122652195e-09,5.8724317386699024e-05
35680,5000,4.90525,59.31304,EF v3.1 - ecotoxicity: freshwater - comparative toxic unit for ecosystems (CTUe),CTUe,0.1486714812668707,0.01901016622275154,0.012355916196308044,-0.00019602292899961366,0.17984154075693065
35680,5000,4.90525,59.31304,"EF v3.1 - ecotoxicity: freshwater, inorganics - comparative toxic unit for ecosystems (CTUe)",CTUe,0.13749385284186905,0.017997425131571997,0.011647934791828823,-0.00019144340829921723,0.16694776935697064
35680,5000,4.90525,59.31304,"EF v3.1 - ecotoxicity: freshwater, organics - comparative toxic unit for ecosystems (CTUe)",CTUe,0.011177628425001623,0.0010127410911795458,0.0007079814044792201,-4.5795207003965055e-06,0.012893771399959992
35680,5000,4.90525,59.31304,EF v3.1 - energy resources: non-renewable - abiotic depletion potential (ADP): fossil fuels,"MJ, net calorific value",0.3081469694649562,0.05269315118725337,0.028263768453946583,-0.0001596635271533129,0.3889442255790028
35680,5000,4.90525,59.31304,EF v3.1 - eutrophication: freshwater - fraction of nutrients reaching freshwater end compartment (P),kg P-Eq,1.2280324573741132e-05,1.7056545517179064e-06,1.8610737417355524e-07,-1.3249218333279572e-09,1.4170761577799266e-05
35680,5000,4.90525,59.31304,EF v3.1 - eutrophication: marine - fraction of nutrients reaching marine end compartment (N),kg N-Eq,3.3109228193353676e-05,4.199120173393121e-06,6.468565335433086e-06,-2.207199521789434e-08,4.375484170696199e-05
35680,5000,4.90525,59.31304,EF v3.1 - eutrophication: terrestrial - accumulated exceedance (AE),mol N-Eq,0.00029428967959576393,4.337307114384717e-05,6.992387927781557e-05,-2.158356005498837e-07,0.0004073707944168768
35680,5000,4.90525,59.31304,EF v3.1 - human toxicity: carcinogenic - comparative toxic unit for human (CTUh),CTUh,2.2473161369541015e-10,1.7856527814696818e-11,1.0490276205866302e-12,-4.899042435641568e-13,2.4314726488712945e-10
35680,5000,4.90525,59.31304,"EF v3.1 - human toxicity: carcinogenic, inorganics - comparative toxic unit for human (CTUh)",CTUh,1.5384942537938844e-10,1.0578078861019005e-11,5.140406043891503e-13,-3.575720653102642e-15,1.6493796912414348e-10
35680,5000,4.90525,59.31304,"EF v3.1 - human toxicity: carcinogenic, organics - comparative toxic unit for human (CTUh)",CTUh,7.088218831602168e-11,7.278448953677812e-12,5.349870161974801e-13,-4.863285229110543e-13,7.820929576298591e-11
35680,5000,4.90525,59.31304,EF v3.1 - human toxicity: non-carcinogenic - comparative toxic unit for human (CTUh),CTUh,7.483931728913924e-10,4.130277318608419e-11,1.2554043647361846e-11,-1.0409334604824496e-13,8.021458963787901e-10
35680,5000,4.90525,59.31304,"EF v3.1 - human toxicity: non-carcinogenic, inorganics - comparative toxic unit for human (CTUh)",CTUh,7.261941800975256e-10,3.9671908823069396e-11,1.183019344986588e-11,-9.726086475216979e-14,7.775990215057087e-10
35680,5000,4.90525,59.31304,"EF v3.1 - human toxicity: non-carcinogenic, organics - comparative toxic unit for human (CTUh)",CTUh,2.219899279386683e-11,1.6308643630148005e-12,7.238501974959656e-13,-6.8324812960751645e-15,2.454687487308152e-11
35680,5000,4.90525,59.31304,EF v3.1 - ionising radiation: human health - human exposure efficiency relative to u235,kBq U235-Eq,0.0011060607340347007,0.0003851940341084061,6.659572877631249e-05,-1.7710311018125062e-07,0.0015576733938092381
35680,5000,4.90525,59.31304,EF v3.1 - land use - soil quality index,dimensionless,0.6585392486134825,0.012195628167348642,0.022165714055787926,-0.0002765047175871662,0.6926240861190318
35680,5000,4.90525,59.31304,EF v3.1 - material resources: metals/minerals - abiotic depletion potential (ADP): elements (ultimate reserves),kg Sb-Eq,3.603904670074681e-07,1.691365488774293e-08,3.7767142664519106e-09,-1.4985726712174166e-11,3.810658504349508e-07
35680,5000,4.90525,59.31304,EF v3.1 - ozone depletion - ozone depletion potential (ODP),kg CFC-11-Eq,4.2039424626538494e-10,6.449545954828179e-11,4.2389153702405623e-11,-2.1091922404206942e-13,5.270679402920303e-10
35680,5000,4.90525,59.31304,EF v3.1 - particulate matter formation - impact on human health,disease incidence,2.4472488549495554e-09,2.633365615456128e-10,9.47007776533185e-11,-2.2001891509921235e-11,2.7832843026385656e-09
35680,5000,4.90525,59.31304,EF v3.1 - photochemical oxidant formation: human health - tropospheric ozone concentration increase,kg NMVOC-Eq,0.00013102946003201938,1.8061062548276022e-05,2.0923491585015898e-05,-7.465282215217944e-08,0.00016993936134315912
35680,5000,4.90525,59.31304,EF v3.1 - water use - user deprivation potential (deprivation-weighted water consumption),m3 world eq. deprived,0.01157093148864445,0.005453811769070043,0.0001697362635832236,-1.2558627779905551e-06,0.017193223658519725
36972,2300,5.03,59.14,EF v3.1 - acidification - accumulated exceedance (AE),mol H+-Eq,6.029376726562194e-05,4.938188070049826e-06,8.629048648420592e-06,-5.1099751637924585e-08,7.380990423245444e-05
36972,2300,5.03,59.14,EF v3.1 - climate change - global warming potential (GWP100),kg CO2-Eq,0.009517734389765426,0.0009333331760633235,0.0012504705116850499,-4.672900429084433e-05,0.011654809073222956
36972,2300,5.03,59.14,EF v3.1 - climate change: biogenic - global warming potential (GWP100),kg CO2-Eq,1.582966400405682e-05,2.6425445735182032e-06,4.956032023789863e-07,-6.022557992935741e-09,1.8961789221961076e-05
36972,2300,5.03,59.14,EF v3.1 - climate change: fossil - global warming potential (GWP100),kg CO2-Eq,0.009463021357971006,0.0009293421858146886,0.001248017049092963,-4.671822085516699e-05,0.01159366237202349
36972,2300,5.03,59.14,EF v3.1 - climate change: land use and land use change - global warming potential (GWP100),kg CO2-Eq,3.8883367790364116e-05,1.3484456751167583e-06,1.957859389708276e-06,-4.76087768441546e-09,4.218491197750473e-05
36972,2300,5.03,59.14,EF v3.1 - ecotoxicity: freshwater - comparative toxic unit for ecosystems (CTUe),CTUe,0.05765473574558998,0.007299185356525913,0.007281824760334676,-0.0002412823419310216,0.07199446352051954
36972,2300,5.03,59.14,"EF v3.1 - ecotoxicity: freshwater, inorganics - comparative toxic unit for ecosystems (CTUe)",CTUe,0.052877559865537195,0.007073220465729387,0.0068666100906143255,-0.0002365709093371338,0.06658081951254377
36972,2300,5.03,59.14,"EF v3.1 - ecotoxicity: freshwater, organics - comparative toxic unit for ecosystems (CTUe)",CTUe,0.004777175880052791,0.00022596489079652502,0.0004152146697203499,-4.7114325938878365e-06,0.005413644007975778
36972,2300,5.03,59.14,EF v3.1 - energy resources: non-renewable - abiotic depletion potential (ADP): fossil fuels,"MJ, net calorific value",0.12254732370186312,0.012197458911269724,0.01663739887983578,-0.0001472896220841657,0.15123489187088446
36972,2300,5.03,59.14,EF v3.1 - eutrophication: freshwater - fraction of nutrients reaching freshwater end compartment (P),kg P-Eq,4.210766387377228e-06,4.137890878876562e-07,1.0914089356051059e-07,-1.7327823699091161e-09,4.731963586455486e-06
36972,2300,5.03,59.14,EF v3.1 - eutrophication: marine - fraction of nutrients reaching marine end compartment (N),kg N-Eq,1.3085707103087306e-05,1.0005962896260605e-06,3.7645978214084253e-06,-2.364448405348821e-08,1.7827256730068303e-05
36972,2300,5.03,59.14,EF v3.1 - eutrophication: terrestrial - accumulated exceedance (AE),mol N-Eq,0.00011385513991941239,1.048483643681727e-05,4.0688365573760914e-05,-2.1135303707145435e-07,0.0001648169888929191
36972,2300,5.03,59.14,EF v3.1 - human toxicity: carcinogenic - comparative toxic unit for human (CTUh),CTUh,8.041882162257703e-11,5.179114391701601e-12,6.159527680005342e-13,-9.981383114166162e-13,8.521575047086254e-11
36972,2300,5.03,59.14,"EF v3.1 - human toxicity: carcinogenic, inorganics - comparative toxic unit for human (CTUh)",CTUh,6.602609281028607e-11,3.883320156003197e-12,3.019780274440708e-13,-5.192984549926742e-15,7.020619800918341e-11
36972,2300,5.03,59.14,"EF v3.1 - human toxicity: carcinogenic, organics - comparative toxic unit for human (CTUh)",CTUh,1.4392728812290972e-11,1.2957942356984033e-12,3.1397474055646314e-13,-9.929453268666892e-13,1.5009552461679147e-11
36972,2300,5.03,59.14,EF v3.1 - human toxicity: non-carcinogenic - comparative toxic unit for human (CTUh),CTUh,3.9471840061082937e-10,1.6877362741846634e-11,7.452853214212784e-12,-1.5308124813930576e-13,4.188955353187495e-10
36972,2300,5.03,59.14,"EF v3.1 - human toxicity: non-carcinogenic, inorganics - comparative toxic unit for human (CTUh)",CTUh,3.8057494177467267e-10,1.6241430268734937e-11,7.024295946207007e-12,-1.4500438668675564e-13,4.0369566360292786e-10
36972,2300,5.03,59.14,"EF v3.1 - human toxicity: non-carcinogenic, organics - comparative toxic unit for human (CTUh)",CTUh,1.4143458836156655e-11,6.359324731116995e-13,4.285572680057771e-13,-8.076861452550132e-15,1.519987171582158e-11
36972,2300,5.03,59.14,EF v3.1 - ionising radiation: human health - human exposure efficiency relative to u235,kBq U235-Eq,0.0005359933535918914,0.00011529760582690485,3.894345650872815e-05,-1.6779293117814632e-07,0.0006900666229963462
36972,2300,5.03,59.14,EF v3.1 - land use - soil quality index,dimensionless,0.5991084546450498,0.0031686869359811064,0.013099921719340019,-0.00025111029641155294,0.6151259530039593
36972,2300,5.03,59.14,EF v3.1 - material resources: metals/minerals - abiotic depletion potential (ADP): elements (ultimate reserves),kg Sb-Eq,2.749826806315397e-07,1.3385889660357569e-08,2.2357014513272097e-09,-1.5358332974877203e-11,2.905889134102496e-07
36972,2300,5.03,59.14,EF v3.1 - ozone depletion - ozone depletion potential (ODP),kg CFC-11-Eq,1.230868244540769e-10,1.3506401262630864e-11,2.4948625127337514e-11,-2.1370469326335552e-13,1.6132814615078192e-10
36972,2300,5.03,59.14,EF v3.1 - particulate matter formation - impact on human health,disease incidence,9.450866722118941e-10,6.103820250069912e-11,5.647517242541173e-11,-4.383581598633254e-11,1.0187642311516725e-09
36972,2300,5.03,59.14,EF v3.1 - photochemical oxidant formation: human health - tropospheric ozone concentration increase,kg NMVOC-Eq,4.951480060718369e-05,4.077684977539515e-06,1.2205375272909142e-05,-7.338520549554848e-08,6.57244756521368e-05
36972,2300,5.03,59.14,EF v3.1 - water use - user deprivation potential (deprivation-weighted water consumption),m3 world eq. deprived,0.005586335478346978,0.0020900205240143065,9.971171498589359e-05,-1.6121198326228228e-06,0.007774455597514555
